species,n_usable,unusable_fraction,tx_min,tx_median,tx_max,mode_value,mode_fraction_of_usable,floor_pileup_flag
Ec,897,0.1433,0.007295232,0.202569084,101.5301694,0.2108,0.005574136008918618,False
Ef,828,0.2092,0.005342492,0.1691612565,170.9198514,0.0251,0.0036231884057971015,False
Se,475,0.5463,0.015483312,0.93325002,177.3484655,0.0733,0.004210526315789474,False
Ko,752,0.2818,0.009155133,0.17860487,230.0497823,0.0626,0.003989361702127659,False
Pa,876,0.1633,0.024988101,0.36830585,506.567282,0.1743,0.0045662100456621,False
Pp,802,0.234,0.057124011,0.5966369405,244.8519651,2.0948,0.003740648379052369,False
Vn,822,0.2149,0.01281506,0.380670128,130.018665,0.1561,0.0036496350364963502,False
Bs,830,0.2073,0.004527158,0.050526463,1040.378632,0.0123,0.006024096385542169,False
Cg,908,0.1328,0.03727491,1.026686773,186.502466,0.118,0.0022026431718061676,False
Ll,932,0.1098,0.088238569,1.0227795655,105.3461511,1.5947,0.004291845493562232,False
