host,readout,stage,metric,vs_variant,seq_only_mean,film_mean,distinguishable,point_winner,film_wins_distinguishably
EC,transcription,classification,auc,film_genomic,0.694236190781381,0.6171107358636173,False,sequence_only,False
EC,transcription,classification,auc,film_physiology,0.694236190781381,0.6938326729338022,False,sequence_only,False
EC,transcription,regression,spearman_rho,film_genomic,0.3671303061184982,0.37116617011573333,False,film_genomic,False
EC,transcription,regression,spearman_rho,film_physiology,0.3671303061184982,0.12065213611188788,True,sequence_only,False
EC,translation,classification,auc,film_genomic,0.5505204006488281,0.636713271346154,False,film_genomic,False
EC,translation,classification,auc,film_physiology,0.5505204006488281,0.6659251217260207,True,film_physiology,True
EC,translation,regression,spearman_rho,film_genomic,0.5624707499475539,0.1547424016254527,True,sequence_only,False
EC,translation,regression,spearman_rho,film_physiology,0.5624707499475539,0.20229891437501193,True,sequence_only,False
BS,transcription,classification,auc,film_genomic,0.8630807359548165,0.8298682735234657,True,sequence_only,False
BS,transcription,classification,auc,film_physiology,0.8630807359548165,0.8437261470062657,False,sequence_only,False
BS,transcription,regression,spearman_rho,film_genomic,0.2630011797277185,0.130505065714771,True,sequence_only,False
BS,transcription,regression,spearman_rho,film_physiology,0.2630011797277185,0.2244289763331376,True,sequence_only,False
BS,translation,classification,auc,film_genomic,0.8263423888605,0.7938509475578455,True,sequence_only,False
BS,translation,classification,auc,film_physiology,0.8263423888605,0.8124719728229302,False,sequence_only,False
BS,translation,regression,spearman_rho,film_genomic,0.29121012536276536,0.15117358142153775,True,sequence_only,False
BS,translation,regression,spearman_rho,film_physiology,0.29121012536276536,0.23982946998822427,False,sequence_only,False
PA,transcription,classification,auc,film_genomic,0.7815952164352055,0.5952441231601749,True,sequence_only,False
PA,transcription,classification,auc,film_physiology,0.7815952164352055,0.5760322195336602,True,sequence_only,False
PA,transcription,regression,spearman_rho,film_genomic,0.4794356688101278,0.33754725611430614,True,sequence_only,False
PA,transcription,regression,spearman_rho,film_physiology,0.4794356688101278,0.110024202736274,True,sequence_only,False
PA,translation,classification,auc,film_genomic,0.661343378603064,0.5720523000664374,True,sequence_only,False
PA,translation,classification,auc,film_physiology,0.661343378603064,0.545726205441536,True,sequence_only,False
PA,translation,regression,spearman_rho,film_genomic,0.3898897331129521,0.13068987882217079,True,sequence_only,False
PA,translation,regression,spearman_rho,film_physiology,0.3898897331129521,0.26672921546717676,True,sequence_only,False
