key,status,mismatched_fields,error
johns2018,VERIFIED,,
yim2019_drafts,"MISMATCH (manually reviewed, explained -- see manual_review_note)",pages,
chan2023,VERIFIED,,
chan2024,VERIFIED,,
el_houdaigui2019,VERIFIED,,
borkowski2018,VERIFIED,,
pandi2022,VERIFIED,,
lafleur2022,VERIFIED,,
xia2026_promogen2,VERIFIED,,
dnabert2,SKIPPED,,network/lookup error: The read operation timed out
bend2024,"MISMATCH (manually reviewed, explained -- see manual_review_note)",venue;year,
genomic_benchmarks2023,VERIFIED,,
dart_eval2024,"MISMATCH (manually reviewed, explained -- see manual_review_note)",venue,
dnalongbench2025,VERIFIED,,
nucleotide_transformer2025,VERIFIED,,
iclr2025_specialized_fm,"MISMATCH (manually reviewed, explained -- see manual_review_note)",venue;year,
