host,readout,mechanism,fold_values,fold_mean,fold_to_fold_std,fold_min,fold_max,fold_range
EC,transcription,sequence_only,"[0.3340042471997367, 0.3416023465152623, 0.4006681552387328, 0.3730385943185558, 0.3863381873202035]",0.3671303061184982,0.025603321637315286,0.3340042471997367,0.4006681552387328,0.06666390803899608
EC,transcription,film_genomic,"[0.3145271032047815, 0.5534393544815914, 0.04459656607748606, 0.6060861558725753, 0.3371816709422323]",0.37116617011573333,0.19971056547573013,0.04459656607748606,0.6060861558725753,0.5614895897950892
EC,transcription,concat,"[0.5139309521381404, 0.5692869478247645, 0.5358531550097652, 0.5512539004284662, 0.6060296954935475]",0.5552709301789368,0.03122525039727325,0.5139309521381404,0.6060296954935475,0.09209874335540702
EC,transcription,perhost_heads_avg,"[0.5593280300815526, 0.6910492516769798, 0.5628570725888946, 0.6227794507753902, 0.641128408044578]",0.6154284426334791,0.049687095990988875,0.5593280300815526,0.6910492516769798,0.1317212215954272
EC,translation,sequence_only,"[0.5300956013737502, 0.5706747083064962, 0.5795616681281539, 0.5739438464967516, 0.5580779254326175]",0.5624707499475539,0.017654934232861495,0.5300956013737502,0.5795616681281539,0.04946606675440368
EC,translation,film_genomic,"[0.41172058167637693, 0.02328428134717608, -0.28663527984528286, 0.47266579202288306, 0.1526766329261102]",0.1547424016254527,0.2753952903271881,-0.28663527984528286,0.47266579202288306,0.7593010718681659
EC,translation,concat,"[0.5587220732154156, 0.5604021636355159, 0.6057620651215273, 0.6171050717093518, 0.5372668577568795]",0.575851646287738,0.030388724743436547,0.5372668577568795,0.6171050717093518,0.07983821395247226
EC,translation,perhost_heads_avg,"[0.5160113919591642, 0.5493329698345798, 0.4919080231687511, 0.5565635562053569, 0.5037536887167264]",0.5235139259769157,0.02531635506760922,0.4919080231687511,0.5565635562053569,0.06465553303660582
BS,transcription,sequence_only,"[0.23396176094004262, 0.247711111942933, 0.2524841729610867, 0.29364442888900866, 0.28720442390552187]",0.2630011797277185,0.023291574423426255,0.23396176094004262,0.29364442888900866,0.05968266794896604
BS,transcription,film_genomic,"[-0.14706238720078488, 0.08074391359206123, 0.24710018489039023, 0.23131265958844735, 0.24043095770374118]",0.130505065714771,0.15189480419445323,-0.14706238720078488,0.24710018489039023,0.3941625720911751
BS,transcription,concat,"[0.24120279872083886, 0.259291155361561, 0.25480882815329065, 0.31507860144473143, 0.2825719008248716]",0.27059065690105866,0.02593498979282046,0.24120279872083886,0.31507860144473143,0.07387580272389258
BS,transcription,perhost_heads_avg,"[0.24875601073661857, 0.2469203069459887, 0.2715150047895873, 0.3109378364969537, 0.30445346565462234]",0.2765165249247541,0.026969971516460165,0.2469203069459887,0.3109378364969537,0.06401752955096501
BS,translation,sequence_only,"[0.29146179381201187, 0.3764439667254615, 0.2304428446342193, 0.2843291730960052, 0.273372848546129]",0.29121012536276536,0.047587917386501095,0.2304428446342193,0.3764439667254615,0.1460011220912422
BS,translation,film_genomic,"[0.09344969606872251, 0.23010735195175858, 0.13610729120628515, 0.09519859569445695, 0.20100497218646565]",0.15117358142153775,0.05550846188448492,0.09344969606872251,0.23010735195175858,0.13665765588303608
BS,translation,concat,"[0.3311460996708805, 0.345600228861819, 0.26308639118393956, 0.32387096465047865, 0.22779433236122681]",0.29829960334566896,0.04512449348497754,0.22779433236122681,0.345600228861819,0.1178058965005922
BS,translation,perhost_heads_avg,"[0.3454975921731215, 0.33754510334011, 0.2556589103186888, 0.27716917719914347, 0.2618382152972241]",0.2955417996656576,0.03827267548227268,0.2556589103186888,0.3454975921731215,0.08983868185443267
PA,transcription,sequence_only,"[0.4292999608384936, 0.4777034597897008, 0.471207778738505, 0.5022870915766935, 0.516680053107246]",0.4794356688101278,0.02997872452612313,0.4292999608384936,0.516680053107246,0.08738009226875237
PA,transcription,film_genomic,"[0.11236977509862864, 0.3290014352787269, 0.31532876403835797, 0.4558751305719837, 0.47516117558383353]",0.33754725611430614,0.12977724539062005,0.11236977509862864,0.47516117558383353,0.36279140048520486
PA,transcription,concat,"[0.40069249691603465, 0.4987882971763917, 0.4269959606695353, 0.48527567857394116, 0.5360929743579413]",0.4695690815387688,0.04915758862791984,0.40069249691603465,0.5360929743579413,0.1354004774419067
PA,transcription,perhost_heads_avg,"[0.27190162369405924, 0.3280966565118251, 0.28675782684754253, 0.28191083427669045, 0.37380302874083143]",0.30849399401418975,0.03786201606965296,0.27190162369405924,0.37380302874083143,0.1019014050467722
PA,translation,sequence_only,"[0.3806647534527336, 0.3922232483899807, 0.34513100969764743, 0.3776260183402357, 0.4538036356841634]",0.3898897331129521,0.035578854694765384,0.34513100969764743,0.4538036356841634,0.10867262598651595
PA,translation,film_genomic,"[0.040517413132074506, 0.247693287528798, 0.16551412342326902, 0.23295188101860015, -0.033227310991887735]",0.13068987882217079,0.10987261846283573,-0.033227310991887735,0.247693287528798,0.28092059852068574
PA,translation,concat,"[0.3735674136116584, 0.3987293478634913, 0.40762727097499313, 0.404884078815203, 0.4886375499822096]",0.4146891322495111,0.03888467025463586,0.3735674136116584,0.4886375499822096,0.11507013637055119
PA,translation,perhost_heads_avg,"[0.32632134989288364, 0.3682352348340686, 0.3852990329174064, 0.36716361895268357, 0.43458199010669707]",0.3763202453407478,0.034997572136448364,0.32632134989288364,0.43458199010669707,0.10826064021381343
