system,host,readout,target_coverage,empirical_coverage
sequence_only,EC,transcription,0.8,0.7647809618756666
sequence_only,EC,transcription,0.9,0.8811779127611142
sequence_only,EC,translation,0.8,0.7909325656203093
sequence_only,EC,translation,0.9,0.8906165975115148
sequence_only,BS,transcription,0.8,0.8848673797279435
sequence_only,BS,transcription,0.9,0.9410218777518029
sequence_only,BS,translation,0.8,0.8042460528119229
sequence_only,BS,translation,0.9,0.8900013490762951
sequence_only,PA,transcription,0.8,0.7960098366476559
sequence_only,PA,transcription,0.9,0.8810012446283801
sequence_only,PA,translation,0.8,0.781579430370975
sequence_only,PA,translation,0.9,0.8746560134386767
b2_n3000,EC,transcription,0.8,0.8498327759197324
b2_n3000,EC,transcription,0.9,0.9364548494983278
b2_n3000,EC,translation,0.8,0.8582677165354331
b2_n3000,EC,translation,0.9,0.9297395517867959
b2_n3000,BS,transcription,0.8,0.8306451612903226
b2_n3000,BS,transcription,0.9,0.9045698924731183
b2_n3000,BS,translation,0.8,0.7784810126582279
b2_n3000,BS,translation,0.9,0.9050632911392406
b2_n3000,PA,transcription,0.8,0.8280188186095139
b2_n3000,PA,transcription,0.9,0.9153162571876634
b2_n3000,PA,translation,0.8,0.7946249498596069
b2_n3000,PA,translation,0.9,0.9125551544324108
