config,host,readout,seqonly_mean,seqonly_lower90,seqonly_upper90,genomic_mean,genomic_lower90,genomic_upper90,physiology_mean,physiology_lower90,physiology_upper90
PRIMARY,SE,transcription,0.4718992319508448,0.4538261136712749,0.4893456221198155,0.5028755760368664,0.4791066052227341,0.5221038402457757,0.26669738863287246,0.09852903225806449,0.42521781874039927
PRIMARY,SE,translation,0.5337569435035902,0.5197032922368241,0.5478105947703562,0.48424468229237216,0.438603170302127,0.514557648015174,0.39426906923181126,0.1271562118954071,0.5490841349410648
PRIMARY,VN,transcription,0.6578008658008658,0.6494619666048237,0.6661323438466296,0.3433494124922696,0.04802968460111316,0.5696573902288188,0.42047247990105135,0.26328509585652443,0.5550624613481756
PRIMARY,VN,translation,0.4726534573922688,0.4580482762572671,0.4901537927540963,0.38343709807157655,0.3454631536693496,0.4176652542168554,0.27232914329849095,0.14517750475875918,0.38782756907677135
PRIMARY,CG,transcription,0.6947443384133314,0.6812025462075313,0.7092210547843649,0.5962281653208871,0.5035523466231343,0.6917744933697078,0.09719778393756459,-0.21528601010156345,0.43333077690006905
PRIMARY,CG,translation,0.5832436940693821,0.5665432905799878,0.5999440975587764,0.5378382886639768,0.4972675427721299,0.5748060320537386,0.4886477469963708,0.3927029281157722,0.5844663345580777
SECONDARY,SE,transcription,0.5075186001653347,0.4976140121245522,0.5178423808211629,0.4631107054284927,0.4385832529622486,0.48613254340038575,0.39694268393496823,0.33125447781758055,0.45412303664921466
SECONDARY,SE,translation,0.6092667883240763,0.5938981105913668,0.6216710628023174,0.559128847946832,0.5351267441767805,0.5840770107340088,0.5019655906095355,0.46479771135318637,0.5348726980054029
SECONDARY,VN,transcription,0.6588011869027488,0.6555867682917965,0.6621914422323425,0.5579410908473352,0.47825543754199573,0.6308169273737136,0.25483175009781434,0.02363345756317905,0.48603004263244964
SECONDARY,VN,translation,0.4845860263807532,0.4666699476108859,0.5041416100302888,0.4083656648594035,0.3775553262978643,0.44487905311142145,0.22726286394514691,0.13227723308946646,0.31941575256271354
SECONDARY,CG,transcription,0.735395113361215,0.7224895443539512,0.749414924058992,0.648973805855162,0.5584419986792868,0.7156134712744884,0.6251705921197448,0.562857142857143,0.6757807616112702
SECONDARY,CG,translation,0.6197174267130112,0.591904794370305,0.6492204626017433,0.5850715191785985,0.5509144989627254,0.6244695468088982,0.609450593965323,0.5895789965568612,0.6290172339747607
