host,readout,mechanism,mech_mean,seqonly_mean,film_mean,beats_seqonly_distinguishably,beats_film_distinguishably,beats_both_distinguishably
EC,transcription,concat,0.5552709301789368,0.3671303061184982,0.37116617011573333,True,True,True
EC,transcription,perhost_heads_avg,0.6154284426334791,0.3671303061184982,0.37116617011573333,True,True,True
EC,transcription,perhost_heads_nearest,0.23339141631441743,0.3671303061184982,0.37116617011573333,False,False,False
EC,translation,concat,0.575851646287738,0.5624707499475539,0.1547424016254527,False,True,False
EC,translation,perhost_heads_avg,0.5235139259769157,0.5624707499475539,0.1547424016254527,False,True,False
EC,translation,perhost_heads_nearest,0.42332736472998167,0.5624707499475539,0.1547424016254527,False,True,False
BS,transcription,concat,0.27059065690105866,0.2630011797277185,0.130505065714771,False,True,False
BS,transcription,perhost_heads_avg,0.2765165249247541,0.2630011797277185,0.130505065714771,False,True,False
BS,transcription,perhost_heads_nearest,0.278653704703732,0.2630011797277185,0.130505065714771,False,True,False
BS,translation,concat,0.29829960334566896,0.29121012536276536,0.15117358142153775,False,True,False
BS,translation,perhost_heads_avg,0.2955417996656576,0.29121012536276536,0.15117358142153775,False,True,False
BS,translation,perhost_heads_nearest,0.3027111982932114,0.29121012536276536,0.15117358142153775,False,True,False
PA,transcription,concat,0.4695690815387688,0.4794356688101278,0.33754725611430614,False,False,False
PA,transcription,perhost_heads_avg,0.30849399401418975,0.4794356688101278,0.33754725611430614,False,False,False
PA,transcription,perhost_heads_nearest,0.4810791618202896,0.4794356688101278,0.33754725611430614,False,True,False
PA,translation,concat,0.4146891322495111,0.3898897331129521,0.13068987882217079,False,True,False
PA,translation,perhost_heads_avg,0.3763202453407478,0.3898897331129521,0.13068987882217079,False,True,False
PA,translation,perhost_heads_nearest,0.3965469961001574,0.3898897331129521,0.13068987882217079,False,True,False
