set,species_a,species_b,pair,is_EC_BS,pooled_equiv_n,pooled_equiv_rho,co_detected_n,co_detected_rho,both_above_p25_n,both_above_p25_rho,both_above_med_n,both_above_med_rho,matched_per_host_active_frac_n,matched_per_host_active_frac_rho,matched_26pct_n,matched_26pct_rho
full_shared_1047,Ec,Ef,Ec-Ef,False,837,0.7427278134148704,800,0.8240621870099789,526,0.760049740330608,307,0.6899133379583561,0,,156,0.6035460219468982
full_shared_1047,Ec,Se,Ec-Se,False,876,0.6159158194225574,472,0.8095692845112928,330,0.7460842776057447,215,0.5770023286015737,0,,168,0.575925379915247
full_shared_1047,Ec,Ko,Ec-Ko,False,784,0.7082804423863298,739,0.7684533785485592,470,0.7178258796127003,264,0.6876168239537204,0,,141,0.6128729825763088
full_shared_1047,Ec,Pa,Ec-Pa,False,879,0.7933881436329913,841,0.8488765885433031,555,0.8287286931606713,337,0.7684570192319848,514,0.8251962046132546,171,0.7412777145450458
full_shared_1047,Ec,Pp,Ec-Pp,False,814,0.6940540729919124,780,0.7663128299834067,496,0.7138019498036033,279,0.6591206622587883,0,,138,0.5673459462980464
full_shared_1047,Ec,Vn,Ec-Vn,False,829,0.7442911922194986,795,0.795068313933446,508,0.7468819569523723,309,0.6813120886457534,0,,144,0.6919339281408247
full_shared_1047,Ec,Bs,Ec-Bs,True,862,0.6161655835154238,807,0.6774410917750749,499,0.6465973361600049,287,0.5921374755216928,218,0.5087883187668192,150,0.38611705952907344
full_shared_1047,Ec,Cg,Ec-Cg,False,907,0.6293644724395303,868,0.7104858790656191,541,0.6276721993503899,323,0.45474959179236435,0,,158,0.2667294431201216
full_shared_1047,Ec,Ll,Ec-Ll,False,922,0.5316563607933015,880,0.6225321367294302,546,0.5483421350415905,311,0.3722356066037729,0,,136,0.2143769552706015
full_shared_1047,Ef,Se,Ef-Se,False,835,0.5767198148219411,457,0.9032492751499471,322,0.8799435618419214,212,0.8349251299839109,0,,159,0.8044936742401888
full_shared_1047,Ef,Ko,Ef-Ko,False,784,0.8500145857562664,750,0.9082378792874709,510,0.8671804078176726,319,0.8193990392658737,0,,153,0.7041567823301569
full_shared_1047,Ef,Pa,Ef-Pa,False,835,0.8479432105434471,823,0.8777643499260592,562,0.8001301245872982,343,0.7258812339409151,0,,157,0.664004980196477
full_shared_1047,Ef,Pp,Ef-Pp,False,811,0.8494717365235414,793,0.8970158737163957,549,0.8126227616133138,342,0.7016100617875289,0,,153,0.6108731234388167
full_shared_1047,Ef,Vn,Ef-Vn,False,827,0.8183248475606878,811,0.8636572316530168,558,0.7728959482356373,336,0.6960760548736882,0,,160,0.6715975269525467
full_shared_1047,Ef,Bs,Ef-Bs,False,836,0.7593033239439615,800,0.8222226038634866,531,0.7642354889179848,324,0.7361099803789433,0,,167,0.48970421229681554
full_shared_1047,Ef,Cg,Ef-Cg,False,837,0.8299986510171131,828,0.8514491461712438,549,0.7688038390319054,339,0.6294058551552452,0,,149,0.325224015962271
full_shared_1047,Ef,Ll,Ef-Ll,False,823,0.7134017850457388,814,0.7307141814066339,529,0.5935831293685182,293,0.3748715335221267,0,,103,0.24471730439748718
full_shared_1047,Se,Ko,Se-Ko,False,782,0.5792547241146194,430,0.8865404287925053,298,0.84820846565813,188,0.7750091654972755,0,,149,0.7411391257028841
full_shared_1047,Se,Pa,Se-Pa,False,868,0.5684440240793933,470,0.8696375867131312,328,0.8124675183349249,222,0.732259025994376,0,,165,0.6181706224067471
full_shared_1047,Se,Pp,Se-Pp,False,812,0.5272028780151669,446,0.8415322465698927,309,0.7858829568214352,197,0.6266228377043096,0,,139,0.5637925776318117
full_shared_1047,Se,Vn,Se-Vn,False,828,0.5638298274444781,454,0.843322256051691,311,0.7729545264370281,204,0.6980389911864058,0,,157,0.7646196019573429
full_shared_1047,Se,Bs,Se-Bs,False,857,0.47404067271997147,464,0.7843535524444953,314,0.7297049016387247,199,0.6169940612151668,0,,155,0.5108439947149624
full_shared_1047,Se,Cg,Se-Cg,False,875,0.4453691849397825,474,0.8111021915228385,325,0.6798397811546163,209,0.5172822300338855,0,,143,0.3684074990229571
full_shared_1047,Se,Ll,Se-Ll,False,864,0.3637927682675842,468,0.7261540060895194,313,0.5879614030433299,187,0.3633764408163692,0,,106,0.36137239589893444
full_shared_1047,Ko,Pa,Ko-Pa,False,783,0.8070162106442674,751,0.8652327518315018,498,0.7874538011296806,301,0.7355764386158629,0,,139,0.6606446452533784
full_shared_1047,Ko,Pp,Ko-Pp,False,783,0.8258557745127459,748,0.9002424590596001,508,0.8618091208353376,322,0.8070213667791057,0,,156,0.7365472987143501
full_shared_1047,Ko,Vn,Ko-Vn,False,783,0.7830894779020351,749,0.8568395925590195,505,0.7829354401904759,305,0.7469657215833884,0,,151,0.7500871383757405
full_shared_1047,Ko,Bs,Ko-Bs,False,784,0.7168509332349993,738,0.7959216956914898,473,0.7556782619754281,276,0.7622367045200604,0,,140,0.6565130874024186
full_shared_1047,Ko,Cg,Ko-Cg,False,784,0.7621022346039615,752,0.8376092401290426,483,0.7540670222833358,285,0.6359162705345063,0,,127,0.33551860704911884
full_shared_1047,Ko,Ll,Ko-Ll,False,773,0.6479255821929967,741,0.7201302153244272,461,0.5715374775180063,249,0.39309374137073055,0,,89,0.34731018045624795
full_shared_1047,Pa,Pp,Pa-Pp,False,814,0.8273321590163094,800,0.8553167454413149,538,0.7391689645688566,323,0.6932245396651696,0,,145,0.5810375945473047
full_shared_1047,Pa,Vn,Pa-Vn,False,828,0.891974337538019,819,0.9109435769826634,565,0.8445650333587517,346,0.7813886195835034,0,,159,0.7562138109242525
full_shared_1047,Pa,Bs,Pa-Bs,False,857,0.7429592850855448,825,0.7689997536912101,544,0.7021481468216222,334,0.6552774909368517,234,0.6366000152662515,160,0.4669501754981689
full_shared_1047,Pa,Cg,Pa-Cg,False,879,0.8130729909573315,876,0.8212013680424042,589,0.6833736786824988,355,0.5634818437799638,0,,161,0.35120759263952567
full_shared_1047,Pa,Ll,Pa-Ll,False,864,0.6931597320590603,862,0.6956932336992543,560,0.5166700017967681,307,0.36665534091465807,0,,112,0.25033847993907193
full_shared_1047,Pp,Vn,Pp-Vn,False,812,0.8166297054654245,797,0.8467732573196929,544,0.7597356436188608,326,0.7282426412133609,0,,157,0.6381696101515898
full_shared_1047,Pp,Bs,Pp-Bs,False,814,0.7352835988769966,780,0.7967506566447162,509,0.740235558545838,307,0.6434927026785205,0,,144,0.46045024606283397
full_shared_1047,Pp,Cg,Pp-Cg,False,814,0.8215539541642021,802,0.8510582997151497,531,0.746674278171114,316,0.5979214974483769,0,,134,0.48928041496776775
full_shared_1047,Pp,Ll,Pp-Ll,False,803,0.7231534580040526,791,0.7536694735893427,519,0.6081044112628134,285,0.4741638737581953,0,,103,0.2471204246216576
full_shared_1047,Vn,Bs,Vn-Bs,False,829,0.7120979359680081,796,0.7459019631778084,521,0.6565892237700905,307,0.649004407391079,0,,148,0.5845848587938712
full_shared_1047,Vn,Cg,Vn-Cg,False,829,0.7662445018227899,822,0.7820944812837743,543,0.6104463388398239,312,0.525457072385815,0,,135,0.3608623548922057
full_shared_1047,Vn,Ll,Vn-Ll,False,817,0.6410757167221863,810,0.662237987233994,525,0.46655018634605405,269,0.3342744156612534,0,,93,0.26494285458506156
full_shared_1047,Bs,Cg,Bs-Cg,False,862,0.8021584949527315,830,0.8608567031867433,549,0.7751333680843611,343,0.686310615950609,0,,171,0.34566505687720733
full_shared_1047,Bs,Ll,Bs-Ll,False,848,0.7357167705591088,817,0.795172310063621,532,0.6628562062903121,312,0.48442938839782645,0,,121,0.3918141034657147
full_shared_1047,Cg,Ll,Cg-Ll,False,891,0.8515903330386381,891,0.8515903330386381,617,0.721884635655644,357,0.5739726894497598,0,,151,0.4137124553090236
johns_overlap_112,Ec,Ef,Ec-Ef,False,83,0.6821292137189873,81,0.7475158084914183,49,0.7026530612244897,32,0.41129032258064513,0,,13,0.5494505494505494
johns_overlap_112,Ec,Se,Ec-Se,False,86,0.6435843368916588,39,0.7368421052631579,29,0.5142857142857142,19,0.2070175438596491,0,,15,0.532142857142857
johns_overlap_112,Ec,Ko,Ec-Ko,False,78,0.6518764161309352,72,0.6901303149164654,43,0.6985313555021824,29,0.4620689655172413,0,,12,0.6363636363636365
johns_overlap_112,Ec,Pa,Ec-Pa,False,86,0.7820463229397614,85,0.8036740277506351,53,0.7180293501048217,36,0.6041184041184041,50,0.6899879951980793,14,0.7846153846153847
johns_overlap_112,Ec,Pp,Ec-Pp,False,80,0.6714721050164089,79,0.6639970788704966,48,0.6524099001302649,28,0.6157635467980295,0,,13,0.7087912087912087
johns_overlap_112,Ec,Vn,Ec-Vn,False,83,0.6888249863565762,82,0.7279306929615481,52,0.6569623495261674,33,0.5858957219251337,0,,14,0.6703296703296703
johns_overlap_112,Ec,Bs,Ec-Bs,True,85,0.5512365765025374,82,0.5972649256459484,48,0.592884088475187,28,0.47680307001867517,22,0.6212934447129431,11,0.3181818181818182
johns_overlap_112,Ec,Cg,Ec-Cg,False,90,0.562145788150574,88,0.6504702194357368,52,0.55792708955861,34,0.1917494270435447,0,,13,0.5934065934065934
johns_overlap_112,Ec,Ll,Ec-Ll,False,93,0.4999067463565029,92,0.5382730320354027,54,0.4866492596511748,33,0.34929389275457895,0,,14,0.4461538461538462
johns_overlap_112,Ef,Se,Ef-Se,False,83,0.5326394062722681,38,0.8695699748331327,27,0.782051282051282,18,0.7915376676986584,0,,15,0.6714285714285713
johns_overlap_112,Ef,Ko,Ef-Ko,False,78,0.8486611823648809,72,0.9073003674192422,47,0.9152669773417896,33,0.8259379990397747,0,,15,0.932142857142857
johns_overlap_112,Ef,Pa,Ef-Pa,False,83,0.8393434364636244,82,0.8589262197842862,52,0.7779390420899854,35,0.6686274509803922,0,,17,0.49754901960784315
johns_overlap_112,Ef,Pp,Ef-Pp,False,80,0.8362869198312237,78,0.8847481632291758,52,0.8072227439597028,34,0.4701298701298701,0,,14,0.6175824175824175
johns_overlap_112,Ef,Vn,Ef-Vn,False,83,0.8046471600688467,82,0.8169153579085993,54,0.7061177815894796,37,0.6481744902797534,0,,15,0.5
johns_overlap_112,Ef,Bs,Ef-Bs,False,83,0.8263655302448387,81,0.8306458897922313,51,0.8212669683257918,34,0.8059587471352175,0,,18,0.6697626418988648
johns_overlap_112,Ef,Cg,Ef-Cg,False,83,0.8298979891692204,82,0.8429707991859036,52,0.7933919576538888,35,0.7282913165266107,0,,16,0.5294117647058824
johns_overlap_112,Ef,Ll,Ef-Ll,False,80,0.640138773353549,79,0.6712593873353512,49,0.48638995908579585,26,0.37373910616327144,0,,9,0.5166666666666667
johns_overlap_112,Se,Ko,Se-Ko,False,78,0.48687616976805626,36,0.8414414414414414,24,0.7182608695652173,15,0.7357142857142855,0,,12,0.6993006993006995
johns_overlap_112,Se,Pa,Se-Pa,False,85,0.5511536329789961,39,0.8965587044534413,26,0.8003418803418804,19,0.5964912280701754,0,,16,0.32647058823529407
johns_overlap_112,Se,Pp,Se-Pp,False,80,0.4393583531468568,37,0.7230915125651967,24,0.6556521739130434,16,0.5470588235294118,0,,12,0.7272727272727274
johns_overlap_112,Se,Vn,Se-Vn,False,83,0.48536642849463313,38,0.8743845059634533,26,0.7415384615384616,18,0.6388028895768835,0,,14,0.621978021978022
johns_overlap_112,Se,Bs,Se-Bs,False,85,0.3732231920954418,39,0.6722672064777329,25,0.5669230769230769,15,0.46071428571428563,0,,15,0.3928571428571428
johns_overlap_112,Se,Cg,Se-Cg,False,86,0.36202801800896967,39,0.7068825910931175,24,0.4478260869565217,16,0.5617647058823529,0,,12,0.6293706293706295
johns_overlap_112,Se,Ll,Se-Ll,False,83,0.2586305431125224,38,0.5294890031732138,22,0.3811405985319029,12,0.43356643356643365,0,,8,0.30952380952380953
johns_overlap_112,Ko,Pa,Ko-Pa,False,78,0.7701901263348385,72,0.8766711418311923,46,0.7739985818845398,31,0.6725806451612905,0,,13,0.576923076923077
johns_overlap_112,Ko,Pp,Ko-Pp,False,78,0.8119426982167164,72,0.9000329606130487,49,0.8735937144096294,32,0.7273393853295349,0,,16,0.7294117647058823
johns_overlap_112,Ko,Vn,Ko-Vn,False,78,0.747511434609844,72,0.886350298683689,46,0.7774522807359768,32,0.5927419354838709,0,,13,0.6263736263736264
johns_overlap_112,Ko,Bs,Ko-Bs,False,78,0.7572681865999205,72,0.8390156844415793,45,0.8068776973315634,27,0.7806441855567186,0,,14,0.8065934065934066
johns_overlap_112,Ko,Cg,Ko-Cg,False,78,0.7643465370560056,72,0.8660755199611007,45,0.8142560694822113,29,0.7679802955665023,0,,14,0.6131868131868132
johns_overlap_112,Ko,Ll,Ko-Ll,False,76,0.5612287615475984,70,0.6856328023427642,43,0.425114207272434,21,0.43130888926288374,0,,7,0.8571428571428573
johns_overlap_112,Pa,Pp,Pa-Pp,False,80,0.8339662447257384,79,0.8369279454722492,53,0.7488308337364942,32,0.6004398826979471,0,,14,0.7978021978021977
johns_overlap_112,Pa,Vn,Pa-Vn,False,83,0.9348054237857352,83,0.9348054237857352,57,0.8595410941145969,37,0.6718824087245139,0,,17,0.6102941176470589
johns_overlap_112,Pa,Bs,Pa-Bs,False,85,0.7375291922297791,83,0.7547371790602794,55,0.6360865096004042,32,0.757034188863654,24,0.5979560915436748,16,0.5323529411764706
johns_overlap_112,Pa,Cg,Pa-Cg,False,86,0.785631397707439,86,0.785631397707439,57,0.666709878143635,34,0.49885408708938117,0,,14,0.6615384615384616
johns_overlap_112,Pa,Ll,Pa-Ll,False,83,0.6148840821891274,83,0.6148840821891274,53,0.4199088823313664,26,0.43494615099696365,0,,10,0.7939393939393938
johns_overlap_112,Pp,Vn,Pp-Vn,False,80,0.8066104078762307,79,0.8081548198636807,53,0.7610869214642799,31,0.7298387096774195,0,,15,0.532142857142857
johns_overlap_112,Pp,Bs,Pp-Bs,False,80,0.7626978592363692,78,0.7887176115024217,51,0.7154751131221719,32,0.49230205278592365,0,,13,0.5494505494505494
johns_overlap_112,Pp,Cg,Pp-Cg,False,80,0.8107360525082044,79,0.8099074975657254,52,0.6864168018441048,32,0.49596774193548376,0,,12,0.8881118881118882
johns_overlap_112,Pp,Ll,Pp-Ll,False,78,0.6532031665460699,77,0.645586592234546,49,0.41114342622015854,24,0.333550779791999,0,,7,0.6785714285714287
johns_overlap_112,Vn,Bs,Vn-Bs,False,83,0.6869604915950946,81,0.6962511291779584,52,0.5786732690173312,31,0.565725806451613,0,,13,0.576923076923077
johns_overlap_112,Vn,Cg,Vn-Cg,False,83,0.7290625918307375,83,0.7290625918307375,52,0.5802100230513105,33,0.46524064171123003,0,,12,0.46153846153846156
johns_overlap_112,Vn,Ll,Vn-Ll,False,80,0.540067276962517,80,0.540067276962517,49,0.29439526528113313,24,0.46053490977800116,0,,6,0.7714285714285715
johns_overlap_112,Bs,Cg,Bs-Cg,False,85,0.900800281460646,83,0.9155939905776042,56,0.8485790940933793,37,0.7073676735797529,0,,18,0.1693340442490404
johns_overlap_112,Bs,Ll,Bs-Ll,False,82,0.7650932204312193,80,0.7926299688949205,51,0.5795415979943512,31,0.39705585803589427,0,,9,0.5499999999999999
johns_overlap_112,Cg,Ll,Cg-Ll,False,87,0.8533193603124625,87,0.8533193603124625,60,0.6773736422076425,34,0.5899610377062052,0,,13,0.41208791208791207
