pair,readout,variant,orig_rho_mean,orig_rho_lower90,orig_rho_upper90,refonly_rho_mean,refonly_rho_lower90,refonly_rho_upper90,shuffled_rho_mean,shuffled_rho_lower90,shuffled_rho_upper90,orig_fve_mean_mean,refonly_fve_mean_mean,shuffled_fve_mean_mean,beats_refonly_distinguishably,effect_size_rho_orig_minus_refonly,effect_size_fve_mean_orig_minus_refonly
EC_to_BS,transcription,no_condition,0.43228067060933145,0.4044775290882522,0.4605096341430512,0.7089029394703656,0.6909565527979412,0.729838616025548,0.5572074453846313,0.44377152595163405,0.643317892883935,0.15090900398654636,0.49798617586985217,0.1270390314499617,False,-0.2766222688610342,-0.3470771718833058
EC_to_BS,transcription,with_condition,0.4051160846636253,0.36644322735492285,0.44859979206740874,0.7089029394703656,0.6909565527979412,0.729838616025548,0.4936702303187074,0.3918440981964372,0.5951423620337669,0.15145894229806944,0.49798617586985217,0.11466209121614501,False,-0.30378685480674034,-0.3465272335717827
EC_to_PA,translation,no_condition,0.486328501018781,0.44936140273966363,0.5269496884047704,0.702883125171881,0.6863047120365334,0.7203588173118287,0.3706022266042614,0.2869467267535011,0.4654417717614779,0.1644877086126926,0.580524662244264,0.0397836447673139,False,-0.2165546241531,-0.41603695363157145
EC_to_PA,translation,with_condition,0.44744714689189635,0.3887722725635844,0.4910907133564318,0.702883125171881,0.6863047120365334,0.7203588173118287,0.34385462777371867,0.2215469099751825,0.4661623455722549,0.1439476025076525,0.580524662244264,0.07567659569943294,False,-0.25543597827998465,-0.43657705973661154
BS_to_EC,transcription,no_condition,0.2991557118169518,0.240050278427884,0.358116925507047,0.4131617641415077,0.3669104411847172,0.45941308709829826,0.24878693876510435,0.2026204835909108,0.2993947708576007,0.09480842250255365,0.27230158578954017,0.03928054696172202,False,-0.1140060523245559,-0.1774931632869865
BS_to_EC,transcription,with_condition,0.320268041565324,0.28030330158988237,0.36023278154076577,0.4131617641415077,0.3669104411847172,0.45941308709829826,0.23439914073274934,0.19131318225610217,0.2765624811265329,0.09498731752920835,0.27230158578954017,0.05398498091235739,False,-0.09289372257618367,-0.1773142682603318
BS_to_PA,transcription,with_condition,0.18507135437774042,0.10818207154080847,0.25232431039149655,0.27562834671162223,0.24124551556038956,0.3136423500998422,0.07670037959556453,0.02587514160617288,0.16074134550541475,0.0622771246172215,0.1535320604446015,0.0051692215198979406,False,-0.09055699233388181,-0.09125493582738
PA_to_EC,transcription,with_condition,0.5521800866814524,0.5318094340231025,0.5741844361150634,0.6503341539171251,0.6308118391302642,0.6695006063073949,0.5209348025014412,0.4949782847981291,0.5458329244034181,0.2347042365773362,0.35115720353510055,0.1807607593877924,False,-0.09815406723567277,-0.11645296695776436
PA_to_EC,translation,with_condition,0.3414034688372876,0.30851923463835185,0.3730530633124344,0.1422717117534235,0.11098382461502168,0.17355959889182537,-0.0148702920455134,-0.0343867585774006,0.0034491043261414807,0.07297625262057468,0.0038499982470955804,-0.11332523125547098,True,0.1991317570838641,0.0691262543734791
PA_to_BS,transcription,no_condition,0.46402360844069923,0.40928446831204435,0.5144663503367413,0.8109669101831095,0.7891640448631285,0.8296198097775598,0.6406060460195115,0.5292009118062619,0.7146324802778348,0.17263632916326496,0.6487081742030505,0.1400672233363182,False,-0.3469433017424103,-0.4760718450397855
PA_to_BS,transcription,with_condition,0.4130417281673079,0.34020694413852753,0.4724109840469895,0.8109669101831095,0.7891640448631285,0.8296198097775598,0.5650593467645258,0.46290244298716543,0.6583553173649103,0.17400486945215823,0.6487081742030505,0.12024250964476643,False,-0.3979251820158016,-0.4747033047508923
