host,readout,eval_point,mechanism,vs_system,seq_only_mean,other_mean,distinguishable,point_winner
EC,transcription,N0_zeroshot,n/a,genomic,0.3671303061184982,0.37116617011573333,False,genomic
EC,transcription,N0_zeroshot,n/a,physiology,0.3671303061184982,0.12065213611188788,True,sequence_only
EC,transcription,N100,head_only,genomic,0.6687186666896028,0.6024746263101448,False,sequence_only
EC,transcription,N100,head_only,physiology,0.6687186666896028,0.6204849910590957,False,sequence_only
EC,transcription,N100,top_conv,genomic,0.6877769008420047,0.6259550580725513,False,sequence_only
EC,transcription,N100,top_conv,physiology,0.6877769008420047,0.665867551450512,False,sequence_only
EC,translation,N0_zeroshot,n/a,genomic,0.5624707499475539,0.1547424016254527,True,sequence_only
EC,translation,N0_zeroshot,n/a,physiology,0.5624707499475539,0.20229891437501193,True,sequence_only
EC,translation,N100,head_only,genomic,0.581324207773789,0.4050646108453465,True,sequence_only
EC,translation,N100,head_only,physiology,0.581324207773789,0.4929570889485433,True,sequence_only
EC,translation,N100,top_conv,genomic,0.5732572441699321,0.5062520952396612,False,sequence_only
EC,translation,N100,top_conv,physiology,0.5732572441699321,0.5325831776689697,False,sequence_only
BS,transcription,N0_zeroshot,n/a,genomic,0.2630011797277185,0.130505065714771,True,sequence_only
BS,transcription,N0_zeroshot,n/a,physiology,0.2630011797277185,0.2244289763331376,True,sequence_only
BS,transcription,N100,head_only,genomic,0.23442163950037864,0.2130081453752682,False,sequence_only
BS,transcription,N100,head_only,physiology,0.23442163950037864,-0.05909740400865289,True,sequence_only
BS,transcription,N100,top_conv,genomic,0.08146449677658141,0.16999200710657011,True,genomic
BS,transcription,N100,top_conv,physiology,0.08146449677658141,0.11773088779350291,False,physiology
BS,translation,N0_zeroshot,n/a,genomic,0.29121012536276536,0.15117358142153775,True,sequence_only
BS,translation,N0_zeroshot,n/a,physiology,0.29121012536276536,0.23982946998822427,False,sequence_only
BS,translation,N100,head_only,genomic,0.2539664665092687,0.20544346664648935,False,sequence_only
BS,translation,N100,head_only,physiology,0.2539664665092687,0.16076667810716447,False,sequence_only
BS,translation,N100,top_conv,genomic,0.23828278337008876,0.22436955809603334,False,sequence_only
BS,translation,N100,top_conv,physiology,0.23828278337008876,0.2173759591905232,False,sequence_only
PA,transcription,N0_zeroshot,n/a,genomic,0.4794356688101278,0.33754725611430614,True,sequence_only
PA,transcription,N0_zeroshot,n/a,physiology,0.4794356688101278,0.110024202736274,True,sequence_only
PA,transcription,N100,head_only,genomic,0.49736979941032977,0.10436808568435005,True,sequence_only
PA,transcription,N100,head_only,physiology,0.49736979941032977,0.24433468409006567,True,sequence_only
PA,transcription,N100,top_conv,genomic,0.4985795475041364,0.4807991761606777,False,sequence_only
PA,transcription,N100,top_conv,physiology,0.4985795475041364,0.44372508756595097,False,sequence_only
PA,translation,N0_zeroshot,n/a,genomic,0.3898897331129521,0.13068987882217079,True,sequence_only
PA,translation,N0_zeroshot,n/a,physiology,0.3898897331129521,0.26672921546717676,True,sequence_only
PA,translation,N100,head_only,genomic,0.3729129403402596,0.10012884922157894,True,sequence_only
PA,translation,N100,head_only,physiology,0.3729129403402596,0.12525825079159547,True,sequence_only
PA,translation,N100,top_conv,genomic,0.32277509851497327,0.2812175345738842,False,sequence_only
PA,translation,N100,top_conv,physiology,0.32277509851497327,0.2590111536545679,False,sequence_only
