dataset,species,species_full,n_dna_adequate,n_rna_detected_usable,n_no_rna_inactive,inactive_fraction_of_dna_adequate,tx_min,tx_p25,tx_median,tx_p75,tx_max,n_exact_zero_among_usable,max_single_rounded_value_fraction,log10_tx_skew,log10_tx_kurtosis
drafts_full_1047,Ec,E. coli,940,897,43,0.045744680851063826,0.007295232,0.092747283,0.202569084,0.95513892,101.5301694,0,0.005574136008918618,0.9734566762308579,0.4025785750535005
drafts_full_1047,Ef,E. fergusonii,837,828,9,0.010752688172043012,0.005342492,0.063347507,0.1691612565,1.2510723545,170.9198514,0,0.0036231884057971015,0.7924981916976173,-0.14041683004429828
drafts_full_1047,Se,S. enterica,878,475,403,0.45899772209567197,0.015483312,0.270533563,0.93325002,4.50869279,177.3484655,0,0.004210526315789474,0.38332402286945333,-0.6758191189047333
drafts_full_1047,Ko,K. oxytoca,784,752,32,0.04081632653061224,0.009155133,0.07499617725,0.17860487,0.9390944130000001,230.0497823,0,0.003989361702127659,0.9579397671323531,0.42713546411764414
drafts_full_1047,Pa,P. agglomerans,879,876,3,0.0034129692832764505,0.024988101,0.18122660275000002,0.36830585,1.327488196,506.567282,0,0.0045662100456621,0.8732147859493459,0.44325257923119166
drafts_full_1047,Pp,P. putida,814,802,12,0.014742014742014743,0.057124011,0.2855806305,0.5966369405,1.4316762404999999,244.8519651,0,0.003740648379052369,1.1351872940586858,1.3309323043327077
drafts_full_1047,Vn,V. natriegens,829,822,7,0.008443908323281062,0.01281506,0.17433348375000002,0.380670128,1.32284272575,130.018665,0,0.0036496350364963502,0.8868222788002971,0.3472395593185671
drafts_full_1047,Bs,B. subtilis,862,830,32,0.037122969837587005,0.004527158,0.025259835,0.050526463,0.33217628075,1040.378632,0,0.006024096385542169,1.3621075582464808,1.4378502745089148
drafts_full_1047,Cg,C. glutamicum,908,908,0,0.0,0.03727491,0.5002029485,1.026686773,2.70566174525,186.502466,0,0.0022026431718061676,0.4938690900559372,0.16855309038662192
drafts_full_1047,Ll,L. lactis,932,932,0,0.0,0.088238569,0.63747794325,1.0227795655,1.7919927065,105.3461511,0,0.004291845493562232,1.1490308990955502,2.523422953955142
