host,readout,mechanism,variant,rho_mean,rho_lower90,rho_upper90,mcc_mean,auc_mean
EC,transcription,head_only,genomic,0.6024746263101448,0.5351936566536512,0.6663037645896731,0.09160221210976507,0.7684315323535085
EC,transcription,head_only,physiology,0.6204849910590957,0.5908708466841368,0.6518600282645833,0.33058834377144986,0.7882227924901523
EC,transcription,top_conv,genomic,0.6259550580725513,0.58128876271223,0.6689908062810909,0.09962745404947629,0.7765002270977097
EC,transcription,top_conv,physiology,0.665867551450512,0.6302589545037046,0.6960035649257009,0.3834308074248491,0.7909422014080403
EC,translation,head_only,genomic,0.4050646108453465,0.2384650256185039,0.5251880312211208,0.1954296397062747,0.7630639694319317
EC,translation,head_only,physiology,0.4929570889485433,0.4713192126238388,0.5110225673804866,0.3460886721331424,0.7833224493720452
EC,translation,top_conv,genomic,0.5062520952396612,0.43326914232408154,0.5621989407704728,0.008794650807603163,0.7691097427551501
EC,translation,top_conv,physiology,0.5325831776689697,0.4879948636801746,0.5750196501838171,0.3605776101690421,0.7845719035789674
BS,transcription,head_only,genomic,0.2130081453752682,0.1537540985795834,0.260351766534529,0.28324132446073946,0.8225707912448694
BS,transcription,head_only,physiology,-0.05909740400865289,-0.12162835118364287,0.00424120216606214,0.16068366998942632,0.674121569437286
BS,transcription,top_conv,genomic,0.16999200710657011,0.126063583018115,0.21094282729138303,0.24179291519474816,0.8172298969980986
BS,transcription,top_conv,physiology,0.11773088779350291,0.06644167278956319,0.16564953472432561,0.3618866666043094,0.814594122825515
BS,translation,head_only,genomic,0.20544346664648935,0.13181255879429257,0.2715837356717037,0.003392201612257531,0.7953872833621203
BS,translation,head_only,physiology,0.16076667810716447,0.044282176800945025,0.2661612738756914,0.013680982388584501,0.671484876509173
BS,translation,top_conv,genomic,0.22436955809603334,0.19563956006395025,0.25367510174969093,0.023895599690675257,0.742627635703906
BS,translation,top_conv,physiology,0.2173759591905232,0.1347451711599435,0.2999550721279156,0.13656818882430155,0.7816590674892003
PA,transcription,head_only,genomic,0.10436808568435005,-0.07735327122529322,0.26039959467612206,0.0,0.5211654206966845
PA,transcription,head_only,physiology,0.24433468409006567,-0.04092168043016112,0.42410342546535523,0.1043299780826972,0.6346500622261099
PA,transcription,top_conv,genomic,0.4807991761606777,0.4350172665466078,0.522588263166404,0.07797652839652888,0.7618547800459552
PA,transcription,top_conv,physiology,0.44372508756595097,0.38046958769101613,0.49551588656271206,0.08032633652341178,0.7118115964671498
PA,translation,head_only,genomic,0.10012884922157894,-0.001195123556211389,0.19137516558190562,0.04170399432911286,0.528627417503125
PA,translation,head_only,physiology,0.12525825079159547,-8.764315069076125e-05,0.2375628030413961,0.07952018187888925,0.577457649610081
PA,translation,top_conv,genomic,0.2812175345738842,0.23410950862403587,0.32956301459465276,0.10636346949373969,0.6318258710492577
PA,translation,top_conv,physiology,0.2590111536545679,0.19568038676380284,0.3139726665198763,0.09462094585618212,0.5827638751962219
