dataset,set,pair,readout,n_pooled,n_coactive,pooled_definition,coactive_definition,coactive_retention_rate,coactive_retention_pct
in_vivo_johns,full_library_29249,EC-BS,transcription,14088,3668,tx_usable in both (DNA present; rna==0 rows kept as tx_norm=0),tx_usable AND tx_active (rna>0) in both,0.26036342986939237,26.04
in_vivo_johns,full_library_29249,EC-BS,translation,866,866,"tl_usable AND NOT floor-pinned, both hosts (ALREADY floor-corrected)",above floor value in both hosts,1.0,100.0
in_vivo_johns,full_library_29249,EC-PA,transcription,19643,9741,tx_usable in both (DNA present; rna==0 rows kept as tx_norm=0),tx_usable AND tx_active (rna>0) in both,0.4959018479865601,49.59
in_vivo_johns,full_library_29249,EC-PA,translation,4513,3826,"tl_usable AND NOT floor-pinned, both hosts (ALREADY floor-corrected)",above floor value in both hosts,0.8477730999335253,84.78
in_vivo_johns,full_library_29249,BS-PA,transcription,11969,2099,tx_usable in both (DNA present; rna==0 rows kept as tx_norm=0),tx_usable AND tx_active (rna>0) in both,0.17536970507143454,17.54
in_vivo_johns,full_library_29249,BS-PA,translation,352,314,"tl_usable AND NOT floor-pinned, both hosts (ALREADY floor-corrected)",above floor value in both hosts,0.8920454545454546,89.2
cell_free_drafts,drafts_full_1047,Ec-Ef,transcription,837,800,DNA-adequate in both (usable OR no_RNA_counts); no_RNA carried as activity 0,DRAFTS-usable in both (= RNA detected in both),0.955794504181601,95.58
cell_free_drafts,drafts_full_1047,Ec-Se,transcription,876,472,DNA-adequate in both (usable OR no_RNA_counts); no_RNA carried as activity 0,DRAFTS-usable in both (= RNA detected in both),0.5388127853881278,53.88
cell_free_drafts,drafts_full_1047,Ec-Ko,transcription,784,739,DNA-adequate in both (usable OR no_RNA_counts); no_RNA carried as activity 0,DRAFTS-usable in both (= RNA detected in both),0.9426020408163265,94.26
cell_free_drafts,drafts_full_1047,Ec-Pa,transcription,879,841,DNA-adequate in both (usable OR no_RNA_counts); no_RNA carried as activity 0,DRAFTS-usable in both (= RNA detected in both),0.9567690557451649,95.68
cell_free_drafts,drafts_full_1047,Ec-Pp,transcription,814,780,DNA-adequate in both (usable OR no_RNA_counts); no_RNA carried as activity 0,DRAFTS-usable in both (= RNA detected in both),0.9582309582309583,95.82
cell_free_drafts,drafts_full_1047,Ec-Vn,transcription,829,795,DNA-adequate in both (usable OR no_RNA_counts); no_RNA carried as activity 0,DRAFTS-usable in both (= RNA detected in both),0.9589867310012062,95.9
cell_free_drafts,drafts_full_1047,Ec-Bs,transcription,862,807,DNA-adequate in both (usable OR no_RNA_counts); no_RNA carried as activity 0,DRAFTS-usable in both (= RNA detected in both),0.9361948955916474,93.62
cell_free_drafts,drafts_full_1047,Ec-Cg,transcription,907,868,DNA-adequate in both (usable OR no_RNA_counts); no_RNA carried as activity 0,DRAFTS-usable in both (= RNA detected in both),0.9570011025358324,95.7
cell_free_drafts,drafts_full_1047,Ec-Ll,transcription,922,880,DNA-adequate in both (usable OR no_RNA_counts); no_RNA carried as activity 0,DRAFTS-usable in both (= RNA detected in both),0.9544468546637744,95.44
cell_free_drafts,drafts_full_1047,Ef-Se,transcription,835,457,DNA-adequate in both (usable OR no_RNA_counts); no_RNA carried as activity 0,DRAFTS-usable in both (= RNA detected in both),0.5473053892215569,54.73
cell_free_drafts,drafts_full_1047,Ef-Ko,transcription,784,750,DNA-adequate in both (usable OR no_RNA_counts); no_RNA carried as activity 0,DRAFTS-usable in both (= RNA detected in both),0.9566326530612245,95.66
cell_free_drafts,drafts_full_1047,Ef-Pa,transcription,835,823,DNA-adequate in both (usable OR no_RNA_counts); no_RNA carried as activity 0,DRAFTS-usable in both (= RNA detected in both),0.98562874251497,98.56
cell_free_drafts,drafts_full_1047,Ef-Pp,transcription,811,793,DNA-adequate in both (usable OR no_RNA_counts); no_RNA carried as activity 0,DRAFTS-usable in both (= RNA detected in both),0.9778051787916153,97.78
cell_free_drafts,drafts_full_1047,Ef-Vn,transcription,827,811,DNA-adequate in both (usable OR no_RNA_counts); no_RNA carried as activity 0,DRAFTS-usable in both (= RNA detected in both),0.9806529625151149,98.07
cell_free_drafts,drafts_full_1047,Ef-Bs,transcription,836,800,DNA-adequate in both (usable OR no_RNA_counts); no_RNA carried as activity 0,DRAFTS-usable in both (= RNA detected in both),0.9569377990430622,95.69
cell_free_drafts,drafts_full_1047,Ef-Cg,transcription,837,828,DNA-adequate in both (usable OR no_RNA_counts); no_RNA carried as activity 0,DRAFTS-usable in both (= RNA detected in both),0.989247311827957,98.92
cell_free_drafts,drafts_full_1047,Ef-Ll,transcription,823,814,DNA-adequate in both (usable OR no_RNA_counts); no_RNA carried as activity 0,DRAFTS-usable in both (= RNA detected in both),0.9890643985419199,98.91
cell_free_drafts,drafts_full_1047,Se-Ko,transcription,782,430,DNA-adequate in both (usable OR no_RNA_counts); no_RNA carried as activity 0,DRAFTS-usable in both (= RNA detected in both),0.5498721227621484,54.99
cell_free_drafts,drafts_full_1047,Se-Pa,transcription,868,470,DNA-adequate in both (usable OR no_RNA_counts); no_RNA carried as activity 0,DRAFTS-usable in both (= RNA detected in both),0.5414746543778802,54.15
cell_free_drafts,drafts_full_1047,Se-Pp,transcription,812,446,DNA-adequate in both (usable OR no_RNA_counts); no_RNA carried as activity 0,DRAFTS-usable in both (= RNA detected in both),0.5492610837438424,54.93
cell_free_drafts,drafts_full_1047,Se-Vn,transcription,828,454,DNA-adequate in both (usable OR no_RNA_counts); no_RNA carried as activity 0,DRAFTS-usable in both (= RNA detected in both),0.5483091787439613,54.83
cell_free_drafts,drafts_full_1047,Se-Bs,transcription,857,464,DNA-adequate in both (usable OR no_RNA_counts); no_RNA carried as activity 0,DRAFTS-usable in both (= RNA detected in both),0.5414235705950992,54.14
cell_free_drafts,drafts_full_1047,Se-Cg,transcription,875,474,DNA-adequate in both (usable OR no_RNA_counts); no_RNA carried as activity 0,DRAFTS-usable in both (= RNA detected in both),0.5417142857142857,54.17
cell_free_drafts,drafts_full_1047,Se-Ll,transcription,864,468,DNA-adequate in both (usable OR no_RNA_counts); no_RNA carried as activity 0,DRAFTS-usable in both (= RNA detected in both),0.5416666666666666,54.17
cell_free_drafts,drafts_full_1047,Ko-Pa,transcription,783,751,DNA-adequate in both (usable OR no_RNA_counts); no_RNA carried as activity 0,DRAFTS-usable in both (= RNA detected in both),0.9591315453384419,95.91
cell_free_drafts,drafts_full_1047,Ko-Pp,transcription,783,748,DNA-adequate in both (usable OR no_RNA_counts); no_RNA carried as activity 0,DRAFTS-usable in both (= RNA detected in both),0.9553001277139208,95.53
cell_free_drafts,drafts_full_1047,Ko-Vn,transcription,783,749,DNA-adequate in both (usable OR no_RNA_counts); no_RNA carried as activity 0,DRAFTS-usable in both (= RNA detected in both),0.9565772669220945,95.66
cell_free_drafts,drafts_full_1047,Ko-Bs,transcription,784,738,DNA-adequate in both (usable OR no_RNA_counts); no_RNA carried as activity 0,DRAFTS-usable in both (= RNA detected in both),0.9413265306122449,94.13
cell_free_drafts,drafts_full_1047,Ko-Cg,transcription,784,752,DNA-adequate in both (usable OR no_RNA_counts); no_RNA carried as activity 0,DRAFTS-usable in both (= RNA detected in both),0.9591836734693877,95.92
cell_free_drafts,drafts_full_1047,Ko-Ll,transcription,773,741,DNA-adequate in both (usable OR no_RNA_counts); no_RNA carried as activity 0,DRAFTS-usable in both (= RNA detected in both),0.9586028460543338,95.86
cell_free_drafts,drafts_full_1047,Pa-Pp,transcription,814,800,DNA-adequate in both (usable OR no_RNA_counts); no_RNA carried as activity 0,DRAFTS-usable in both (= RNA detected in both),0.9828009828009828,98.28
cell_free_drafts,drafts_full_1047,Pa-Vn,transcription,828,819,DNA-adequate in both (usable OR no_RNA_counts); no_RNA carried as activity 0,DRAFTS-usable in both (= RNA detected in both),0.9891304347826086,98.91
cell_free_drafts,drafts_full_1047,Pa-Bs,transcription,857,825,DNA-adequate in both (usable OR no_RNA_counts); no_RNA carried as activity 0,DRAFTS-usable in both (= RNA detected in both),0.9626604434072346,96.27
cell_free_drafts,drafts_full_1047,Pa-Cg,transcription,879,876,DNA-adequate in both (usable OR no_RNA_counts); no_RNA carried as activity 0,DRAFTS-usable in both (= RNA detected in both),0.9965870307167235,99.66
cell_free_drafts,drafts_full_1047,Pa-Ll,transcription,864,862,DNA-adequate in both (usable OR no_RNA_counts); no_RNA carried as activity 0,DRAFTS-usable in both (= RNA detected in both),0.9976851851851852,99.77
cell_free_drafts,drafts_full_1047,Pp-Vn,transcription,812,797,DNA-adequate in both (usable OR no_RNA_counts); no_RNA carried as activity 0,DRAFTS-usable in both (= RNA detected in both),0.9815270935960592,98.15
cell_free_drafts,drafts_full_1047,Pp-Bs,transcription,814,780,DNA-adequate in both (usable OR no_RNA_counts); no_RNA carried as activity 0,DRAFTS-usable in both (= RNA detected in both),0.9582309582309583,95.82
cell_free_drafts,drafts_full_1047,Pp-Cg,transcription,814,802,DNA-adequate in both (usable OR no_RNA_counts); no_RNA carried as activity 0,DRAFTS-usable in both (= RNA detected in both),0.9852579852579852,98.53
cell_free_drafts,drafts_full_1047,Pp-Ll,transcription,803,791,DNA-adequate in both (usable OR no_RNA_counts); no_RNA carried as activity 0,DRAFTS-usable in both (= RNA detected in both),0.9850560398505604,98.51
cell_free_drafts,drafts_full_1047,Vn-Bs,transcription,829,796,DNA-adequate in both (usable OR no_RNA_counts); no_RNA carried as activity 0,DRAFTS-usable in both (= RNA detected in both),0.9601930036188179,96.02
cell_free_drafts,drafts_full_1047,Vn-Cg,transcription,829,822,DNA-adequate in both (usable OR no_RNA_counts); no_RNA carried as activity 0,DRAFTS-usable in both (= RNA detected in both),0.991556091676719,99.16
cell_free_drafts,drafts_full_1047,Vn-Ll,transcription,817,810,DNA-adequate in both (usable OR no_RNA_counts); no_RNA carried as activity 0,DRAFTS-usable in both (= RNA detected in both),0.9914320685434517,99.14
cell_free_drafts,drafts_full_1047,Bs-Cg,transcription,862,830,DNA-adequate in both (usable OR no_RNA_counts); no_RNA carried as activity 0,DRAFTS-usable in both (= RNA detected in both),0.962877030162413,96.29
cell_free_drafts,drafts_full_1047,Bs-Ll,transcription,848,817,DNA-adequate in both (usable OR no_RNA_counts); no_RNA carried as activity 0,DRAFTS-usable in both (= RNA detected in both),0.9634433962264151,96.34
cell_free_drafts,drafts_full_1047,Cg-Ll,transcription,891,891,DNA-adequate in both (usable OR no_RNA_counts); no_RNA carried as activity 0,DRAFTS-usable in both (= RNA detected in both),1.0,100.0
cell_free_drafts,drafts_johns_overlap_112,Ec-Ef,transcription,83,81,DNA-adequate in both (usable OR no_RNA_counts); no_RNA carried as activity 0,DRAFTS-usable in both (= RNA detected in both),0.9759036144578314,97.59
cell_free_drafts,drafts_johns_overlap_112,Ec-Se,transcription,86,39,DNA-adequate in both (usable OR no_RNA_counts); no_RNA carried as activity 0,DRAFTS-usable in both (= RNA detected in both),0.45348837209302323,45.35
cell_free_drafts,drafts_johns_overlap_112,Ec-Ko,transcription,78,72,DNA-adequate in both (usable OR no_RNA_counts); no_RNA carried as activity 0,DRAFTS-usable in both (= RNA detected in both),0.9230769230769231,92.31
cell_free_drafts,drafts_johns_overlap_112,Ec-Pa,transcription,86,85,DNA-adequate in both (usable OR no_RNA_counts); no_RNA carried as activity 0,DRAFTS-usable in both (= RNA detected in both),0.9883720930232558,98.84
cell_free_drafts,drafts_johns_overlap_112,Ec-Pp,transcription,80,79,DNA-adequate in both (usable OR no_RNA_counts); no_RNA carried as activity 0,DRAFTS-usable in both (= RNA detected in both),0.9875,98.75
cell_free_drafts,drafts_johns_overlap_112,Ec-Vn,transcription,83,82,DNA-adequate in both (usable OR no_RNA_counts); no_RNA carried as activity 0,DRAFTS-usable in both (= RNA detected in both),0.9879518072289156,98.8
cell_free_drafts,drafts_johns_overlap_112,Ec-Bs,transcription,85,82,DNA-adequate in both (usable OR no_RNA_counts); no_RNA carried as activity 0,DRAFTS-usable in both (= RNA detected in both),0.9647058823529412,96.47
cell_free_drafts,drafts_johns_overlap_112,Ec-Cg,transcription,90,88,DNA-adequate in both (usable OR no_RNA_counts); no_RNA carried as activity 0,DRAFTS-usable in both (= RNA detected in both),0.9777777777777777,97.78
cell_free_drafts,drafts_johns_overlap_112,Ec-Ll,transcription,93,92,DNA-adequate in both (usable OR no_RNA_counts); no_RNA carried as activity 0,DRAFTS-usable in both (= RNA detected in both),0.989247311827957,98.92
cell_free_drafts,drafts_johns_overlap_112,Ef-Se,transcription,83,38,DNA-adequate in both (usable OR no_RNA_counts); no_RNA carried as activity 0,DRAFTS-usable in both (= RNA detected in both),0.4578313253012048,45.78
cell_free_drafts,drafts_johns_overlap_112,Ef-Ko,transcription,78,72,DNA-adequate in both (usable OR no_RNA_counts); no_RNA carried as activity 0,DRAFTS-usable in both (= RNA detected in both),0.9230769230769231,92.31
cell_free_drafts,drafts_johns_overlap_112,Ef-Pa,transcription,83,82,DNA-adequate in both (usable OR no_RNA_counts); no_RNA carried as activity 0,DRAFTS-usable in both (= RNA detected in both),0.9879518072289156,98.8
cell_free_drafts,drafts_johns_overlap_112,Ef-Pp,transcription,80,78,DNA-adequate in both (usable OR no_RNA_counts); no_RNA carried as activity 0,DRAFTS-usable in both (= RNA detected in both),0.975,97.5
cell_free_drafts,drafts_johns_overlap_112,Ef-Vn,transcription,83,82,DNA-adequate in both (usable OR no_RNA_counts); no_RNA carried as activity 0,DRAFTS-usable in both (= RNA detected in both),0.9879518072289156,98.8
cell_free_drafts,drafts_johns_overlap_112,Ef-Bs,transcription,83,81,DNA-adequate in both (usable OR no_RNA_counts); no_RNA carried as activity 0,DRAFTS-usable in both (= RNA detected in both),0.9759036144578314,97.59
cell_free_drafts,drafts_johns_overlap_112,Ef-Cg,transcription,83,82,DNA-adequate in both (usable OR no_RNA_counts); no_RNA carried as activity 0,DRAFTS-usable in both (= RNA detected in both),0.9879518072289156,98.8
cell_free_drafts,drafts_johns_overlap_112,Ef-Ll,transcription,80,79,DNA-adequate in both (usable OR no_RNA_counts); no_RNA carried as activity 0,DRAFTS-usable in both (= RNA detected in both),0.9875,98.75
cell_free_drafts,drafts_johns_overlap_112,Se-Ko,transcription,78,36,DNA-adequate in both (usable OR no_RNA_counts); no_RNA carried as activity 0,DRAFTS-usable in both (= RNA detected in both),0.46153846153846156,46.15
cell_free_drafts,drafts_johns_overlap_112,Se-Pa,transcription,85,39,DNA-adequate in both (usable OR no_RNA_counts); no_RNA carried as activity 0,DRAFTS-usable in both (= RNA detected in both),0.4588235294117647,45.88
cell_free_drafts,drafts_johns_overlap_112,Se-Pp,transcription,80,37,DNA-adequate in both (usable OR no_RNA_counts); no_RNA carried as activity 0,DRAFTS-usable in both (= RNA detected in both),0.4625,46.25
cell_free_drafts,drafts_johns_overlap_112,Se-Vn,transcription,83,38,DNA-adequate in both (usable OR no_RNA_counts); no_RNA carried as activity 0,DRAFTS-usable in both (= RNA detected in both),0.4578313253012048,45.78
cell_free_drafts,drafts_johns_overlap_112,Se-Bs,transcription,85,39,DNA-adequate in both (usable OR no_RNA_counts); no_RNA carried as activity 0,DRAFTS-usable in both (= RNA detected in both),0.4588235294117647,45.88
cell_free_drafts,drafts_johns_overlap_112,Se-Cg,transcription,86,39,DNA-adequate in both (usable OR no_RNA_counts); no_RNA carried as activity 0,DRAFTS-usable in both (= RNA detected in both),0.45348837209302323,45.35
cell_free_drafts,drafts_johns_overlap_112,Se-Ll,transcription,83,38,DNA-adequate in both (usable OR no_RNA_counts); no_RNA carried as activity 0,DRAFTS-usable in both (= RNA detected in both),0.4578313253012048,45.78
cell_free_drafts,drafts_johns_overlap_112,Ko-Pa,transcription,78,72,DNA-adequate in both (usable OR no_RNA_counts); no_RNA carried as activity 0,DRAFTS-usable in both (= RNA detected in both),0.9230769230769231,92.31
cell_free_drafts,drafts_johns_overlap_112,Ko-Pp,transcription,78,72,DNA-adequate in both (usable OR no_RNA_counts); no_RNA carried as activity 0,DRAFTS-usable in both (= RNA detected in both),0.9230769230769231,92.31
cell_free_drafts,drafts_johns_overlap_112,Ko-Vn,transcription,78,72,DNA-adequate in both (usable OR no_RNA_counts); no_RNA carried as activity 0,DRAFTS-usable in both (= RNA detected in both),0.9230769230769231,92.31
cell_free_drafts,drafts_johns_overlap_112,Ko-Bs,transcription,78,72,DNA-adequate in both (usable OR no_RNA_counts); no_RNA carried as activity 0,DRAFTS-usable in both (= RNA detected in both),0.9230769230769231,92.31
cell_free_drafts,drafts_johns_overlap_112,Ko-Cg,transcription,78,72,DNA-adequate in both (usable OR no_RNA_counts); no_RNA carried as activity 0,DRAFTS-usable in both (= RNA detected in both),0.9230769230769231,92.31
cell_free_drafts,drafts_johns_overlap_112,Ko-Ll,transcription,76,70,DNA-adequate in both (usable OR no_RNA_counts); no_RNA carried as activity 0,DRAFTS-usable in both (= RNA detected in both),0.9210526315789473,92.11
cell_free_drafts,drafts_johns_overlap_112,Pa-Pp,transcription,80,79,DNA-adequate in both (usable OR no_RNA_counts); no_RNA carried as activity 0,DRAFTS-usable in both (= RNA detected in both),0.9875,98.75
cell_free_drafts,drafts_johns_overlap_112,Pa-Vn,transcription,83,83,DNA-adequate in both (usable OR no_RNA_counts); no_RNA carried as activity 0,DRAFTS-usable in both (= RNA detected in both),1.0,100.0
cell_free_drafts,drafts_johns_overlap_112,Pa-Bs,transcription,85,83,DNA-adequate in both (usable OR no_RNA_counts); no_RNA carried as activity 0,DRAFTS-usable in both (= RNA detected in both),0.9764705882352941,97.65
cell_free_drafts,drafts_johns_overlap_112,Pa-Cg,transcription,86,86,DNA-adequate in both (usable OR no_RNA_counts); no_RNA carried as activity 0,DRAFTS-usable in both (= RNA detected in both),1.0,100.0
cell_free_drafts,drafts_johns_overlap_112,Pa-Ll,transcription,83,83,DNA-adequate in both (usable OR no_RNA_counts); no_RNA carried as activity 0,DRAFTS-usable in both (= RNA detected in both),1.0,100.0
cell_free_drafts,drafts_johns_overlap_112,Pp-Vn,transcription,80,79,DNA-adequate in both (usable OR no_RNA_counts); no_RNA carried as activity 0,DRAFTS-usable in both (= RNA detected in both),0.9875,98.75
cell_free_drafts,drafts_johns_overlap_112,Pp-Bs,transcription,80,78,DNA-adequate in both (usable OR no_RNA_counts); no_RNA carried as activity 0,DRAFTS-usable in both (= RNA detected in both),0.975,97.5
cell_free_drafts,drafts_johns_overlap_112,Pp-Cg,transcription,80,79,DNA-adequate in both (usable OR no_RNA_counts); no_RNA carried as activity 0,DRAFTS-usable in both (= RNA detected in both),0.9875,98.75
cell_free_drafts,drafts_johns_overlap_112,Pp-Ll,transcription,78,77,DNA-adequate in both (usable OR no_RNA_counts); no_RNA carried as activity 0,DRAFTS-usable in both (= RNA detected in both),0.9871794871794872,98.72
cell_free_drafts,drafts_johns_overlap_112,Vn-Bs,transcription,83,81,DNA-adequate in both (usable OR no_RNA_counts); no_RNA carried as activity 0,DRAFTS-usable in both (= RNA detected in both),0.9759036144578314,97.59
cell_free_drafts,drafts_johns_overlap_112,Vn-Cg,transcription,83,83,DNA-adequate in both (usable OR no_RNA_counts); no_RNA carried as activity 0,DRAFTS-usable in both (= RNA detected in both),1.0,100.0
cell_free_drafts,drafts_johns_overlap_112,Vn-Ll,transcription,80,80,DNA-adequate in both (usable OR no_RNA_counts); no_RNA carried as activity 0,DRAFTS-usable in both (= RNA detected in both),1.0,100.0
cell_free_drafts,drafts_johns_overlap_112,Bs-Cg,transcription,85,83,DNA-adequate in both (usable OR no_RNA_counts); no_RNA carried as activity 0,DRAFTS-usable in both (= RNA detected in both),0.9764705882352941,97.65
cell_free_drafts,drafts_johns_overlap_112,Bs-Ll,transcription,82,80,DNA-adequate in both (usable OR no_RNA_counts); no_RNA carried as activity 0,DRAFTS-usable in both (= RNA detected in both),0.975609756097561,97.56
cell_free_drafts,drafts_johns_overlap_112,Cg-Ll,transcription,87,87,DNA-adequate in both (usable OR no_RNA_counts); no_RNA carried as activity 0,DRAFTS-usable in both (= RNA detected in both),1.0,100.0
