config,variant,held_out,readout,n_test,rho_mean,rho_lower90,rho_upper90
PRIMARY,genomic,SE,transcription,125,0.5028755760368664,0.4791066052227341,0.5221038402457757
PRIMARY,genomic,SE,translation,121,0.48424468229237216,0.438603170302127,0.514557648015174
PRIMARY,genomic,VN,transcription,99,0.3433494124922696,0.04802968460111316,0.5696573902288188
PRIMARY,genomic,VN,translation,115,0.38343709807157655,0.3454631536693496,0.4176652542168554
PRIMARY,genomic,CG,transcription,118,0.5962281653208871,0.5035523466231343,0.6917744933697078
PRIMARY,genomic,CG,translation,110,0.5378382886639768,0.4972675427721299,0.5748060320537386
PRIMARY,physiology,SE,transcription,125,0.26669738863287246,0.09852903225806449,0.42521781874039927
PRIMARY,physiology,SE,translation,121,0.39426906923181126,0.1271562118954071,0.5490841349410648
PRIMARY,physiology,VN,transcription,99,0.42047247990105135,0.26328509585652443,0.5550624613481756
PRIMARY,physiology,VN,translation,115,0.27232914329849095,0.14517750475875918,0.38782756907677135
PRIMARY,physiology,CG,transcription,118,0.09719778393756459,-0.21528601010156345,0.43333077690006905
PRIMARY,physiology,CG,translation,110,0.4886477469963708,0.3927029281157722,0.5844663345580777
SECONDARY,genomic,SE,transcription,191,0.4631107054284927,0.4385832529622486,0.48613254340038575
SECONDARY,genomic,SE,translation,196,0.559128847946832,0.5351267441767805,0.5840770107340088
SECONDARY,genomic,VN,transcription,146,0.5579410908473352,0.47825543754199573,0.6308169273737136
SECONDARY,genomic,VN,translation,188,0.4083656648594035,0.3775553262978643,0.44487905311142145
SECONDARY,genomic,CG,transcription,176,0.648973805855162,0.5584419986792868,0.7156134712744884
SECONDARY,genomic,CG,translation,182,0.5850715191785985,0.5509144989627254,0.6244695468088982
SECONDARY,physiology,SE,transcription,191,0.39694268393496823,0.33125447781758055,0.45412303664921466
SECONDARY,physiology,SE,translation,196,0.5019655906095355,0.46479771135318637,0.5348726980054029
SECONDARY,physiology,VN,transcription,146,0.25483175009781434,0.02363345756317905,0.48603004263244964
SECONDARY,physiology,VN,translation,188,0.22726286394514691,0.13227723308946646,0.31941575256271354
SECONDARY,physiology,CG,transcription,176,0.6251705921197448,0.562857142857143,0.6757807616112702
SECONDARY,physiology,CG,translation,182,0.609450593965323,0.5895789965568612,0.6290172339747607
