held_out,training_partner,readout,system,n_coactive_mean,rho_full_mean,rho_full_lower90,rho_full_upper90,rho_coactive_mean,rho_coactive_lower90,rho_coactive_upper90
BS,EC,transcription,film_genomic,717.8,0.1305039644715953,0.007932748274674111,0.23811528140860205,0.14355383946801398,0.004443101724841514,0.2461038848331795
BS,EC,transcription,sequence_only,717.8,0.26300401078262103,0.24591874871468647,0.281551078340638,0.28294585114455933,0.26965037228536737,0.29703571559943176
BS,EC,translation,film_genomic,166.0,0.15117358142153775,0.11121229397404134,0.1914846487941811,0.09194478815005816,0.055261921032213904,0.13137144342071905
BS,EC,translation,sequence_only,166.0,0.29121012536276536,0.2598186360345417,0.32662951867134654,0.2284757907188902,0.17961736816926116,0.27671808776755263
BS,PA,transcription,film_genomic,408.0,0.1305039644715953,0.007932748274674111,0.23811528140860205,0.12432836796918297,0.012309673394250525,0.21711028215426834
BS,PA,transcription,sequence_only,408.0,0.26300401078262103,0.24591874871468647,0.281551078340638,0.2515775048181811,0.21147400406044942,0.29168100557591276
BS,PA,translation,film_genomic,58.8,0.15117358142153775,0.11121229397404134,0.1914846487941811,0.22950517790531744,0.17133160409633028,0.2811055333859568
BS,PA,translation,sequence_only,58.8,0.29121012536276536,0.2598186360345417,0.32662951867134654,0.2605374881900865,0.21145423813905354,0.30955615045506024
EC,BS,transcription,film_genomic,717.8,0.37116606448050826,0.21541099156018398,0.5161866571321597,0.16959470998568468,0.07478732847749266,0.2644020914938767
EC,BS,transcription,sequence_only,717.8,0.3671300164019847,0.3475097649454399,0.3865439917113496,0.07879799314436423,0.04050190297105288,0.11533913247689369
EC,BS,translation,film_genomic,166.0,0.15474261774213302,-0.0591001746873168,0.34622259167165814,0.05452371619133027,-0.02636287827062373,0.13551139540781215
EC,BS,translation,sequence_only,166.0,0.5624707028534957,0.5481045890171219,0.5742293509529847,0.23728905935230094,0.1780966553685369,0.2916780875124451
EC,PA,transcription,film_genomic,1921.8,0.37116606448050826,0.21541099156018398,0.5161866571321597,0.3002997371140201,0.22475540131848315,0.38444241298907106
EC,PA,transcription,sequence_only,1921.8,0.3671300164019847,0.3475097649454399,0.3865439917113496,0.526455038347188,0.5009111922746211,0.5508113336245822
EC,PA,translation,film_genomic,744.0,0.15474261774213302,-0.0591001746873168,0.34622259167165814,0.09710266766621603,-0.03543490858271159,0.22987980936058974
EC,PA,translation,sequence_only,744.0,0.5624707028534957,0.5481045890171219,0.5742293509529847,0.4752669523398909,0.43452361724761374,0.5147262317494875
PA,BS,transcription,film_genomic,408.0,0.337546590268313,0.23687885558964566,0.43435686369261733,0.23157339280576697,0.18191420193265406,0.28050028885778405
PA,BS,transcription,sequence_only,408.0,0.4794356848223439,0.45574378032815643,0.5002491352431375,0.39065472988942807,0.3539974518446247,0.42791573969036634
PA,BS,translation,film_genomic,58.8,0.1306890267060978,0.049504894668175335,0.20892486743003474,0.20907255531561658,0.08562376849888002,0.3325970018835414
PA,BS,translation,sequence_only,58.8,0.38988974205162236,0.36584385792704815,0.41683365967231073,0.5011084752762037,0.4626356292816186,0.5386848224239529
PA,EC,transcription,film_genomic,1921.8,0.337546590268313,0.23687885558964566,0.43435686369261733,0.31351386820820204,0.22455709975754862,0.39911312962491213
PA,EC,transcription,sequence_only,1921.8,0.4794356848223439,0.45574378032815643,0.5002491352431375,0.5044201223057971,0.47843050162712003,0.530409742984474
PA,EC,translation,film_genomic,744.0,0.1306890267060978,0.049504894668175335,0.20892486743003474,0.16076010305789704,0.06878000416588206,0.2473196689255017
PA,EC,translation,sequence_only,744.0,0.38988974205162236,0.36584385792704815,0.41683365967231073,0.41589412977381857,0.3979996158546994,0.43345460052755813
