pair,readout,fold,spearman_rho,mse,slope,intercept,frac_var_explained_vs_zero,frac_var_explained_vs_mean
EC_to_BS,transcription,0,0.7058118262955743,0.7271350026130676,-0.818708062171936,0.5283061265945435,0.7335494953181965,0.5099762501603715
EC_to_BS,transcription,1,0.6926974479004275,0.9238876700401306,-0.8011492490768433,0.4753842353820801,0.7276118487608553,0.4595655175736898
EC_to_BS,transcription,2,0.7549997021997855,0.777237057685852,-0.8008975386619568,0.5135025382041931,0.7824369459805071,0.529945669989978
EC_to_BS,transcription,3,0.7126235737232319,0.7571000456809998,-0.8126327991485596,0.5185523629188538,0.7709743328881931,0.5049322688038949
EC_to_BS,transcription,4,0.6783821472328093,0.8423588871955872,-0.8092508316040039,0.5043624639511108,0.773831504239648,0.4855111728213263
EC_to_BS,translation,0,0.6595778366620816,0.31084224581718445,-0.8472468256950378,2.2820637226104736,0.5966967532923504,0.4216332643405646
EC_to_BS,translation,1,0.6888513523118316,0.3384833335876465,-0.8238726258277893,2.1955647468566895,0.5788236433661517,0.4670226601395774
EC_to_BS,translation,2,0.6591273846754804,0.358030766248703,-0.8239114880561829,2.1847219467163086,0.4930567857365601,0.4704087528971309
EC_to_BS,translation,3,0.6498060311183811,0.35307973623275757,-0.857486367225647,2.2704081535339355,0.5188625500493182,0.3746910372376726
EC_to_BS,translation,4,0.6735953401635764,0.360330730676651,-0.8008072376251221,2.1267850399017334,0.5870111768386462,0.45821587134865593
EC_to_PA,transcription,0,-0.10007740654112822,0.4857861399650574,-0.007338757161051035,0.8399499654769897,0.5653006031071249,-0.00026988416704099016
EC_to_PA,transcription,1,-0.15969440181868277,0.5880641341209412,-0.007353851571679115,0.8282083868980408,0.5475260752865454,-0.0002784048759176816
EC_to_PA,transcription,2,-0.10317555579011978,0.5271257162094116,-0.0019757121335715055,0.8322734236717224,0.5543452100675015,9.63304650523078e-05
EC_to_PA,transcription,3,0.08010636387211761,0.5269219875335693,0.00470895878970623,0.8190048336982727,0.5721705703073459,-0.000790871088012679
EC_to_PA,transcription,4,-0.12331342638260709,0.5491060614585876,-0.012913240119814873,0.8301740884780884,0.5662292045976978,-0.001528742633644553
EC_to_PA,translation,0,0.6743556382884996,0.061732616275548935,-0.5490126609802246,1.5066200494766235,0.6810713924715617,0.5728931500313309
EC_to_PA,translation,1,0.7104528012507002,0.07265923917293549,-0.5489622354507446,1.503199815750122,0.651432477788831,0.5709972252521934
EC_to_PA,translation,2,0.6912798311865553,0.07050091028213501,-0.5449529886245728,1.497970461845398,0.6651442140110799,0.5760439408401563
EC_to_PA,translation,3,0.6957662262095563,0.0703558474779129,-0.5418973565101624,1.4868450164794922,0.6755608041802519,0.5836671828316604
EC_to_PA,translation,4,0.7425611289240936,0.07633451372385025,-0.5518975853919983,1.5097767114639282,0.6360220231749225,0.599021812265979
BS_to_EC,transcription,0,0.34693525647295315,1.1999763250350952,-0.7502079010009766,2.0829501152038574,0.56028207105585,0.1913236243622598
BS_to_EC,transcription,1,0.5037014214991807,1.0989537239074707,-0.7033119797706604,1.9920130968093872,0.6759974368534143,0.357159418563728
BS_to_EC,transcription,2,0.3722695983919452,1.1928067207336426,-0.7227411270141602,2.020128011703491,0.666111297124129,0.27861910545633817
BS_to_EC,transcription,3,0.3715388763333714,1.1555263996124268,-0.7388737797737122,2.029231548309326,0.650448832956421,0.24440127000815914
BS_to_EC,transcription,4,0.4713636680100883,1.162456750869751,-0.7263847589492798,1.9649869203567505,0.6878870767233531,0.29000451055721577
BS_to_EC,translation,0,0.46329640843117986,0.39649149775505066,-0.8308927416801453,2.6980974674224854,0.48557086274998673,0.26227050422168985
BS_to_EC,translation,1,0.5385417046883344,0.3987009525299072,-0.8035977482795715,2.626926898956299,0.5038945853163865,0.3722037335578815
BS_to_EC,translation,2,0.611955104921333,0.41246458888053894,-0.8013351559638977,2.640477180480957,0.4159828032440601,0.38989143782330427
BS_to_EC,translation,3,0.5392181628635939,0.3946651220321655,-0.8385980725288391,2.69193696975708,0.46219465204921173,0.3010427595490408
BS_to_EC,translation,4,0.645179716454642,0.37082016468048096,-0.7665925025939941,2.5072340965270996,0.5749888355947133,0.4424442249749512
BS_to_PA,transcription,0,0.23620446584243524,1.7883912324905396,-0.6586793065071106,2.5579822063446045,0.6755232100163557,0.12160070758564268
BS_to_PA,transcription,1,0.36246702309480566,1.7914644479751587,-0.6399149894714355,2.5222318172454834,0.6789914012317351,0.20058173679056712
BS_to_PA,transcription,2,0.24460621537235916,1.7254801988601685,-0.6491419076919556,2.51265287399292,0.7217249626855083,0.14740351844456145
BS_to_PA,transcription,3,0.2404566964347478,1.8517800569534302,-0.6492660045623779,2.5640339851379395,0.6602781056299438,0.13525905392216575
BS_to_PA,transcription,4,0.29440733281376336,1.9134553670883179,-0.6455297470092773,2.4317400455474854,0.728061049676619,0.16281528548007074
BS_to_PA,translation,0,0.547516492609276,0.1865067332983017,-0.7653859257698059,2.2467052936553955,0.6007419808383023,0.499816611153143
BS_to_PA,translation,1,0.7599002297460579,0.19676969945430756,-0.7694867849349976,2.2722201347351074,0.558842411051979,0.5235931756416651
BS_to_PA,translation,2,0.5800994470947988,0.25332796573638916,-0.7882345914840698,2.3043200969696045,0.48179314963761144,0.4619321099375001
BS_to_PA,translation,3,0.5759369429137712,0.2556648254394531,-0.7605685591697693,2.222012758255005,0.5517259362026217,0.39838800833381083
BS_to_PA,translation,4,0.6805043573044623,0.23908358812332153,-0.7667317390441895,2.213404655456543,0.5403467192514191,0.41609079279931727
PA_to_EC,transcription,0,0.6721821454443041,0.30498290061950684,-0.35224449634552,-0.26536574959754944,0.7270900257230981,0.37201746699165683
PA_to_EC,transcription,1,0.6811432853982206,0.3557545840740204,-0.34692901372909546,-0.2672869563102722,0.7262719088770857,0.39487275751513207
PA_to_EC,transcription,2,0.6408521698519257,0.34510472416877747,-0.3554277718067169,-0.25766226649284363,0.7082335985045167,0.3453715698948754
PA_to_EC,transcription,3,0.6497817982102131,0.3491949141025543,-0.35280025005340576,-0.2566145658493042,0.7164744222358848,0.3367688376413883
PA_to_EC,transcription,4,0.6077113706809626,0.38008376955986023,-0.3707444667816162,-0.24710434675216675,0.699749737594328,0.3067553856324501
PA_to_EC,translation,0,0.0945681136153141,0.14386102557182312,0.07646577805280685,-0.39180460572242737,0.2567722003156486,0.0046747866479086575
PA_to_EC,translation,1,0.1674908808202979,0.16862671077251434,0.07648950070142746,-0.3979208469390869,0.1910485793458646,0.004375387886657145
PA_to_EC,translation,2,0.14286515542466158,0.1661878228187561,0.08316408842802048,-0.41275131702423096,0.21066332606114657,0.0006322732481389703
PA_to_EC,translation,3,0.0991460075120911,0.16919945180416107,0.0851210281252861,-0.4153079092502594,0.2197530689440188,-0.0012427816334616981
PA_to_EC,translation,4,0.20728840139475305,0.18831276893615723,0.05362648144364357,-0.35126569867134094,0.10208767562640042,0.010810325086234918
PA_to_BS,transcription,0,0.8276224025244792,0.6629943251609802,-0.8531441688537598,0.42742326855659485,0.8797096147099651,0.6743588676147125
PA_to_BS,transcription,1,0.7601961276670934,0.9206949472427368,-0.8558202385902405,0.40357017517089844,0.835022684797644,0.5891515701009908
PA_to_BS,transcription,2,0.8267627572820423,0.6816096901893616,-0.8507969379425049,0.43542081117630005,0.8900741010550798,0.6632021485767063
PA_to_BS,transcription,3,0.8384690840323196,0.6809800267219543,-0.8490610122680664,0.42375677824020386,0.8750694911971547,0.6819971624835027
PA_to_BS,transcription,4,0.801784179409613,0.8346238732337952,-0.8544353246688843,0.42709746956825256,0.8813838337147077,0.6348311222393401
PA_to_BS,translation,0,0.5879578754578754,0.28272098302841187,-0.6825234293937683,1.6830041408538818,0.3947745603434494,0.24178426757875415
PA_to_BS,translation,1,0.3316339256482959,0.33484411239624023,-0.7009674310684204,1.7118618488311768,0.24927963142786758,0.18929580781912392
PA_to_BS,translation,2,0.416529304029304,0.37694504857063293,-0.7139007449150085,1.7281136512756348,0.22892245310669856,0.19936977204892636
PA_to_BS,translation,3,0.7573913043478261,0.2203795164823532,-0.6558023691177368,1.5985559225082397,0.6135940043318885,0.481418847487181
PA_to_BS,translation,4,0.5427350123537867,0.2695564329624176,-0.6564615368843079,1.5945866107940674,0.4817607526696892,0.34166755525794323
