scenario,readout,pair,assumed_reliability,rho_observed,rho_corrected,clipped_at_1
symmetric_grid,transcription,EC_BS,0.5,0.2575175805660613,0.5150351611321226,False
symmetric_grid,transcription,EC_BS,0.7,0.2575175805660613,0.36788225795151613,False
symmetric_grid,transcription,EC_BS,0.9,0.2575175805660613,0.2861306450734014,False
symmetric_grid,transcription,EC_PA,0.5,0.753750672912612,1.0,True
symmetric_grid,transcription,EC_PA,0.7,0.753750672912612,1.0,True
symmetric_grid,transcription,EC_PA,0.9,0.753750672912612,0.83750074768068,False
symmetric_grid,transcription,BS_PA,0.5,0.2570510930286312,0.5141021860572624,False
symmetric_grid,transcription,BS_PA,0.7,0.2570510930286312,0.3672158471837589,False
symmetric_grid,transcription,BS_PA,0.9,0.2570510930286312,0.285612325587368,False
symmetric_grid,translation,EC_BS,0.5,0.160689304443626,0.321378608887252,False
symmetric_grid,translation,EC_BS,0.7,0.160689304443626,0.22955614920518003,False
symmetric_grid,translation,EC_BS,0.9,0.160689304443626,0.1785436716040289,False
symmetric_grid,translation,EC_PA,0.5,0.7420946148344976,1.0,True
symmetric_grid,translation,EC_PA,0.7,0.7420946148344976,1.0,True
symmetric_grid,translation,EC_PA,0.9,0.7420946148344976,0.8245495720383306,False
symmetric_grid,translation,BS_PA,0.5,0.26326902314611467,0.5265380462922293,False
symmetric_grid,translation,BS_PA,0.7,0.26326902314611467,0.37609860449444954,False
symmetric_grid,translation,BS_PA,0.9,0.26326902314611467,0.2925211368290163,False
