config,held_out,readout,system,rho_mean,rho_lower90,rho_upper90
PRIMARY,SE,transcription,sequence_only,0.4718992319508448,0.4538261136712749,0.4893456221198155
PRIMARY,SE,transcription,genomic,0.5028755760368664,0.4791066052227341,0.5221038402457757
PRIMARY,SE,transcription,physiology,0.26669738863287246,0.09852903225806449,0.42521781874039927
PRIMARY,SE,transcription,dnabert2,0.4381996927803379,0.4350402457757296,0.4414439324116743
PRIMARY,SE,transcription,promogen2,0.4062463901689707,0.40329462365591395,0.40909615975422425
PRIMARY,SE,translation,sequence_only,0.5337569435035902,0.5197032922368241,0.5478105947703562
PRIMARY,SE,translation,genomic,0.48424468229237216,0.438603170302127,0.514557648015174
PRIMARY,SE,translation,physiology,0.39426906923181126,0.1271562118954071,0.5490841349410648
PRIMARY,SE,translation,dnabert2,0.4088822652757078,0.4074610486383958,0.41045522286952985
PRIMARY,SE,translation,promogen2,0.49206069638260386,0.4869787291694891,0.4975044031973986
PRIMARY,VN,transcription,sequence_only,0.6578008658008658,0.6494619666048237,0.6661323438466296
PRIMARY,VN,transcription,genomic,0.3433494124922696,0.04802968460111316,0.5696573902288188
PRIMARY,VN,transcription,physiology,0.42047247990105135,0.26328509585652443,0.5550624613481756
PRIMARY,VN,transcription,dnabert2,0.5934149659863944,0.5868002473716759,0.598599876314162
PRIMARY,VN,transcription,promogen2,0.5878119975262832,0.5819789734075448,0.5922622139764997
PRIMARY,VN,translation,sequence_only,0.4726534573922688,0.4580482762572671,0.4901537927540963
PRIMARY,VN,translation,genomic,0.38343709807157655,0.3454631536693496,0.4176652542168554
PRIMARY,VN,translation,physiology,0.27232914329849095,0.14517750475875918,0.38782756907677135
PRIMARY,VN,translation,dnabert2,0.30075594379492154,0.2988029575012736,0.30395647406039067
PRIMARY,VN,translation,promogen2,0.462240686834298,0.45653875594221727,0.46815961620345065
PRIMARY,CG,transcription,sequence_only,0.6947443384133314,0.6812025462075313,0.7092210547843649
PRIMARY,CG,transcription,genomic,0.5962281653208871,0.5035523466231343,0.6917744933697078
PRIMARY,CG,transcription,physiology,0.09719778393756459,-0.21528601010156345,0.43333077690006905
PRIMARY,CG,transcription,dnabert2,0.6670808088554849,0.6618379294351378,0.6718591478312315
PRIMARY,CG,transcription,promogen2,0.6726494509146553,0.670781063403197,0.6743381576881078
PRIMARY,CG,translation,sequence_only,0.5832436940693821,0.5665432905799878,0.5999440975587764
PRIMARY,CG,translation,genomic,0.5378382886639768,0.4972675427721299,0.5748060320537386
PRIMARY,CG,translation,physiology,0.4886477469963708,0.3927029281157722,0.5844663345580777
PRIMARY,CG,translation,dnabert2,0.4350355025584383,0.4310952821044564,0.4392426120866488
PRIMARY,CG,translation,promogen2,0.4670333385929716,0.45954962468723937,0.4738516331176882
SECONDARY,SE,transcription,sequence_only,0.5075186001653347,0.4976140121245522,0.5178423808211629
SECONDARY,SE,transcription,genomic,0.4631107054284927,0.4385832529622486,0.48613254340038575
SECONDARY,SE,transcription,physiology,0.39694268393496823,0.33125447781758055,0.45412303664921466
SECONDARY,SE,transcription,dnabert2,0.48925633783411404,0.4863950124001102,0.4920818407274731
SECONDARY,SE,transcription,promogen2,0.41569922843758605,0.4070108845411958,0.42385746762193444
SECONDARY,SE,translation,sequence_only,0.6092667883240763,0.5938981105913668,0.6216710628023174
SECONDARY,SE,translation,genomic,0.559128847946832,0.5351267441767805,0.5840770107340088
SECONDARY,SE,translation,physiology,0.5019655906095355,0.46479771135318637,0.5348726980054029
SECONDARY,SE,translation,dnabert2,0.48422539027325107,0.4803767660910518,0.4873692514881783
SECONDARY,SE,translation,promogen2,0.4906858768497638,0.4829175465578657,0.4974502466351631
SECONDARY,VN,transcription,sequence_only,0.6588011869027488,0.6555867682917965,0.6621914422323425
SECONDARY,VN,transcription,genomic,0.5579410908473352,0.47825543754199573,0.6308169273737136
SECONDARY,VN,transcription,physiology,0.25483175009781434,0.02363345756317905,0.48603004263244964
SECONDARY,VN,transcription,dnabert2,0.6118597239486128,0.6085481324142007,0.6147394358232041
SECONDARY,VN,transcription,promogen2,0.5910886259522644,0.5834304741272267,0.5992712030785132
SECONDARY,VN,translation,sequence_only,0.4845860263807532,0.4666699476108859,0.5041416100302888
SECONDARY,VN,translation,genomic,0.4083656648594035,0.3775553262978643,0.44487905311142145
SECONDARY,VN,translation,physiology,0.22726286394514691,0.13227723308946646,0.31941575256271354
SECONDARY,VN,translation,dnabert2,0.36038567555924506,0.35645704043615356,0.363880604029629
SECONDARY,VN,translation,promogen2,0.43511155560017445,0.43010996404503743,0.4402121170467036
SECONDARY,CG,transcription,sequence_only,0.735395113361215,0.7224895443539512,0.749414924058992
SECONDARY,CG,transcription,genomic,0.648973805855162,0.5584419986792868,0.7156134712744884
SECONDARY,CG,transcription,physiology,0.6251705921197448,0.562857142857143,0.6757807616112702
SECONDARY,CG,transcription,dnabert2,0.7012727272727273,0.7000383006823686,0.7025282852740481
SECONDARY,CG,transcription,promogen2,0.6697349768875194,0.6615690072639226,0.6778683689192164
SECONDARY,CG,translation,sequence_only,0.6197174267130112,0.591904794370305,0.6492204626017433
SECONDARY,CG,translation,genomic,0.5850715191785985,0.5509144989627254,0.6244695468088982
SECONDARY,CG,translation,physiology,0.609450593965323,0.5895789965568612,0.6290172339747607
SECONDARY,CG,translation,dnabert2,0.5151054934632363,0.5109539324227377,0.5188889956063487
SECONDARY,CG,translation,promogen2,0.5336487744724245,0.5257929365138865,0.5419407492855721
