host,readout,stage,metric,system,mean,lower90,upper90,n_folds
EC,transcription,classification,mcc,sequence_only,0.2576246018574048,0.21549569321429515,0.29338216216665786,5
EC,transcription,classification,mcc,film_genomic,0.023566359169037696,0.0,0.07069907750711309,5
EC,transcription,classification,mcc,film_physiology,0.07472804933185395,0.0,0.20836821750960316,5
EC,transcription,classification,auc,sequence_only,0.694236190781381,0.67371991450653,0.7145125988893442,5
EC,transcription,classification,auc,film_genomic,0.6171107358636173,0.4976635018785682,0.7230228206875577,5
EC,transcription,classification,auc,film_physiology,0.6938326729338022,0.6619608799203688,0.7236488540240528,5
EC,transcription,regression,spearman_rho,sequence_only,0.3671303061184982,0.3475102749500403,0.38654426230357974,5
EC,transcription,regression,spearman_rho,film_genomic,0.37116617011573333,0.2154115050094531,0.5161862645044263,5
EC,transcription,regression,spearman_rho,film_physiology,0.12065213611188788,0.010265572018701213,0.240683358396713,5
EC,translation,classification,mcc,sequence_only,0.16079185689360848,0.13392256093520977,0.1856342139018031,5
EC,translation,classification,mcc,film_genomic,0.0,0.0,0.0,5
EC,translation,classification,mcc,film_physiology,0.06160922182855942,0.0,0.1613220737148064,5
EC,translation,classification,auc,sequence_only,0.5505204006488281,0.523832334331701,0.5772084669659551,5
EC,translation,classification,auc,film_genomic,0.636713271346154,0.5286167458320928,0.73387000326842,5
EC,translation,classification,auc,film_physiology,0.6659251217260207,0.5929975518619525,0.7180153408230237,5
EC,translation,regression,spearman_rho,sequence_only,0.5624707499475539,0.5481046361111801,0.5742294922351594,5
EC,translation,regression,spearman_rho,film_genomic,0.1547424016254527,-0.05910172498667228,0.346222363679838,5
EC,translation,regression,spearman_rho,film_physiology,0.20229891437501193,-0.07872014757998737,0.41146545235100795,5
BS,transcription,classification,mcc,sequence_only,0.272788443204493,0.23359081444112673,0.30469556260013453,5
BS,transcription,classification,mcc,film_genomic,0.0802904682484502,0.0,0.24087140474535057,5
BS,transcription,classification,mcc,film_physiology,0.11701729160258385,0.06288108050143595,0.17096690854256558,5
BS,transcription,classification,auc,sequence_only,0.8630807359548165,0.8499389722528315,0.8743250739876046,5
BS,transcription,classification,auc,film_genomic,0.8298682735234657,0.8064784883755521,0.8475759936158844,5
BS,transcription,classification,auc,film_physiology,0.8437261470062657,0.8249844352764345,0.8582244735823086,5
BS,transcription,regression,spearman_rho,sequence_only,0.2630011797277185,0.24591585394598564,0.28154837471333216,5
BS,transcription,regression,spearman_rho,film_genomic,0.130505065714771,0.007934950761025544,0.2381174838949535,5
BS,transcription,regression,spearman_rho,film_physiology,0.2244289763331376,0.21041864738164776,0.24050367805999456,5
BS,translation,classification,mcc,sequence_only,0.33949414391384425,0.3139818475987744,0.3650064402289141,5
BS,translation,classification,mcc,film_genomic,0.013381053258734368,0.0,0.03569700819503417,5
BS,translation,classification,mcc,film_physiology,0.11843688820263705,0.0735461313865445,0.1643845796974306,5
BS,translation,classification,auc,sequence_only,0.8263423888605,0.8088407952968464,0.8440703184373826,5
BS,translation,classification,auc,film_genomic,0.7938509475578455,0.787558560238929,0.7994267151609448,5
BS,translation,classification,auc,film_physiology,0.8124719728229302,0.7913323252190988,0.8351637504516958,5
BS,translation,regression,spearman_rho,sequence_only,0.29121012536276536,0.2598186360345417,0.32662951867134654,5
BS,translation,regression,spearman_rho,film_genomic,0.15117358142153775,0.11121229397404134,0.1914846487941811,5
BS,translation,regression,spearman_rho,film_physiology,0.23982946998822427,0.18180714621468191,0.2994661217978847,5
PA,transcription,classification,mcc,sequence_only,0.1816630900783945,0.15648198902625357,0.20368074502845257,5
PA,transcription,classification,mcc,film_genomic,0.0,0.0,0.0,5
PA,transcription,classification,mcc,film_physiology,0.0774788940820971,0.0,0.16514981809272827,5
PA,transcription,classification,auc,sequence_only,0.7815952164352055,0.7638415083281449,0.7988194925978833,5
PA,transcription,classification,auc,film_genomic,0.5952441231601749,0.49567735391207324,0.6966833724788617,5
PA,transcription,classification,auc,film_physiology,0.5760322195336602,0.3908718332915919,0.7579867221286555,5
PA,transcription,regression,spearman_rho,sequence_only,0.4794356688101278,0.4557437877887396,0.5002489575254054,5
PA,transcription,regression,spearman_rho,film_genomic,0.33754725611430614,0.23687970271054004,0.43435760051570227,5
PA,transcription,regression,spearman_rho,film_physiology,0.110024202736274,-0.16054423388930514,0.3767308401116066,5
PA,translation,classification,mcc,sequence_only,0.13212171364471115,0.11462664284989935,0.14283340024143398,5
PA,translation,classification,mcc,film_genomic,0.04744904582989555,0.0,0.13735978163769852,5
PA,translation,classification,mcc,film_physiology,0.029961869243023964,0.0,0.05992373848604793,5
PA,translation,classification,auc,sequence_only,0.661343378603064,0.6546942218907642,0.6679925353153638,5
PA,translation,classification,auc,film_genomic,0.5720523000664374,0.5325517182024186,0.6115528819304561,5
PA,translation,classification,auc,film_physiology,0.545726205441536,0.4617001533292829,0.6243410716129861,5
PA,translation,regression,spearman_rho,sequence_only,0.3898897331129521,0.36584350892819956,0.4168335870180747,5
PA,translation,regression,spearman_rho,film_genomic,0.13068987882217079,0.049506417059794736,0.2089250592825073,5
PA,translation,regression,spearman_rho,film_physiology,0.26672921546717676,0.19757424111072944,0.33444229973608747,5
