figure,producing_script,caption_promises,figure_shows,verdict,how_verified,file_mtime,mtime_vs_commit_3cfbca6,pdf_newer_than_figure,script_run_since_gate26
Figure 1,scripts/73_attenuation_figures.py (via 106),"three reliabilities, EC-PA bars clipped at rho=1 with uncapped values 1.51/1.08 and 1.48/1.06 printed",as promised,MATCH,byte-identical to the Gate 25 commit; inspected in Gate 25,2026-09-30 21:07:10,predates,yes,"yes, during Gate 26 via scripts/106; not since (nothing changed)"
Figure 2a,scripts/96_gate10_5_figures.py (via 106),"raw vs GC-controlled, three pairs, both readouts",as promised,MATCH,byte-identical to the Gate 25 commit; inspected in Gate 25,2026-09-30 21:07:12,predates,yes,"yes, during Gate 26 via scripts/106; not since (nothing changed)"
Figure 2b,scripts/96_gate10_5_figures.py (via 106),"five strata (Proteobacteria, Firmicutes, Actinobacteria, Bacteroidetes, Cyanobacteria), per-stratum N on every bar","five strata, N printed on all 15 bars",MATCH,extracted from manuscript.pdf (img-004) and inspected this gate,2026-09-30 21:07:12,predates,yes,"yes, during Gate 26 via scripts/106; not since (nothing changed)"
Figure 3,scripts/106_gate25_regenerate_figures.py,"panel A four bars (0.616/862, 0.655/14,088, 0.677/807, 0.258/3,668); panel B RS234, seven species","panel A four bars with exactly those values and N; no 0.597; no n=15 bar; panel B present, seven species with N",MATCH,extracted from manuscript.pdf (img-006) and inspected this gate,2026-09-30 21:07:45,predates,yes,"yes, during Gate 26 via scripts/106; not since (nothing changed)"
Figure 4,scripts/55_gate5_figures.py (via 106),"eight primary H-MAIN comparisons, 90% bootstrap CI",as promised,MATCH,byte-identical to the Gate 25 commit; inspected in Gate 20,2026-09-30 21:07:13,predates,yes,"yes, during Gate 26 via scripts/106; not since (nothing changed)"
Figure 5,scripts/65_gate6_figures.py (via 106),"nine systems including the three conditioning mechanisms, six cells, one shared y-scale","nine systems, six panels, y-axis shared (identical -0.2 to 0.7 range, ticks on leftmost only); EC transcription shows concatenation 0.555 and per-host-heads-avg 0.615",MATCH,extracted from manuscript.pdf (img-010) and inspected this gate,2026-09-30 21:07:14,predates,yes,"yes, during Gate 26 via scripts/106; not since (nothing changed)"
Figure 6,scripts/68_conformal_calibration.py (via 106),"reliability diagrams, three hosts, both readouts",as promised,MATCH,byte-identical to the Gate 25 commit; inspected in Gate 20,2026-09-30 21:07:43,predates,yes,"yes, during Gate 26 via scripts/106; not since (nothing changed)"
Figure 7,scripts/87_gate8_6_figures.py (via 106),"fold-to-fold std, four systems, six cells",as promised,MATCH,byte-identical to the Gate 25 commit; inspected in Gate 20,2026-09-30 21:07:44,predates,yes,"yes, during Gate 26 via scripts/106; not since (nothing changed)"
Figure 8,scripts/87_gate8_6_figures.py (via 106),"11 bar groups, tx/tl distinguished, title stating both directions",title: 'Reference-value alone matches or beats the original model in 10 of 11; 1 of 11 survives'; 11 bar groups; labels tx/tl distinct,MATCH,extracted from manuscript.pdf (img-016) and inspected this gate,2026-09-30 21:07:44,predates,yes,"yes, during Gate 26 via scripts/106; not since (nothing changed)"
