host,readout,eval_point,mechanism,fm,fm_mean,seqonly_mean,distinguishable,point_winner
EC,transcription,N0_zeroshot,n/a,dnabert2,0.4579408228810963,0.3671303061184982,True,fm
EC,transcription,N0_zeroshot,n/a,promogen2,0.4952637149340604,0.3671303061184982,True,fm
EC,transcription,N100,head_only,dnabert2,0.5799859160787534,0.6687186666896028,True,sequence_only
EC,transcription,N100,head_only,promogen2,0.583775112615772,0.6687186666896028,True,sequence_only
EC,translation,N0_zeroshot,n/a,dnabert2,0.49975578723519165,0.5624707499475539,True,sequence_only
EC,translation,N0_zeroshot,n/a,promogen2,0.5215758248723056,0.5624707499475539,False,sequence_only
EC,translation,N100,head_only,dnabert2,0.4512731234494282,0.581324207773789,True,sequence_only
EC,translation,N100,head_only,promogen2,0.43182490978129184,0.581324207773789,True,sequence_only
BS,transcription,N0_zeroshot,n/a,dnabert2,0.2168213828388695,0.2630011797277185,False,sequence_only
BS,transcription,N0_zeroshot,n/a,promogen2,0.24252095991988648,0.2630011797277185,False,sequence_only
BS,transcription,N100,head_only,dnabert2,0.18059193594148862,0.23442163950037864,True,sequence_only
BS,transcription,N100,head_only,promogen2,0.16709406656399037,0.23442163950037864,True,sequence_only
BS,translation,N0_zeroshot,n/a,dnabert2,0.2738150140140072,0.29121012536276536,False,sequence_only
BS,translation,N0_zeroshot,n/a,promogen2,0.26628194643894754,0.29121012536276536,False,sequence_only
BS,translation,N100,head_only,dnabert2,0.21299618317303176,0.2539664665092687,False,sequence_only
BS,translation,N100,head_only,promogen2,0.1366798969044142,0.2539664665092687,True,sequence_only
PA,transcription,N0_zeroshot,n/a,dnabert2,0.4643406188733408,0.4794356688101278,False,sequence_only
PA,transcription,N0_zeroshot,n/a,promogen2,0.48992823153461157,0.4794356688101278,False,fm
PA,transcription,N100,head_only,dnabert2,0.44105901533751873,0.49736979941032977,False,sequence_only
PA,transcription,N100,head_only,promogen2,0.4463295500224219,0.49736979941032977,False,sequence_only
PA,translation,N0_zeroshot,n/a,dnabert2,0.29532446541522184,0.3898897331129521,True,sequence_only
PA,translation,N0_zeroshot,n/a,promogen2,0.33449943682632494,0.3898897331129521,True,sequence_only
PA,translation,N100,head_only,dnabert2,0.25819697957340954,0.3729129403402596,True,sequence_only
PA,translation,N100,head_only,promogen2,0.2971988955454027,0.3729129403402596,True,sequence_only
