config,held_out,readout,fm,fm_mean,seqonly_mean,distinguishable,point_winner
PRIMARY,SE,transcription,dnabert2,0.4381996927803379,0.4718992319508448,True,sequence_only
PRIMARY,SE,transcription,promogen2,0.4062463901689707,0.4718992319508448,True,sequence_only
PRIMARY,SE,translation,dnabert2,0.4088822652757078,0.5337569435035902,True,sequence_only
PRIMARY,SE,translation,promogen2,0.49206069638260386,0.5337569435035902,True,sequence_only
PRIMARY,VN,transcription,dnabert2,0.5934149659863944,0.6578008658008658,True,sequence_only
PRIMARY,VN,transcription,promogen2,0.5878119975262832,0.6578008658008658,True,sequence_only
PRIMARY,VN,translation,dnabert2,0.30075594379492154,0.4726534573922688,True,sequence_only
PRIMARY,VN,translation,promogen2,0.462240686834298,0.4726534573922688,False,sequence_only
PRIMARY,CG,transcription,dnabert2,0.6670808088554849,0.6947443384133314,True,sequence_only
PRIMARY,CG,transcription,promogen2,0.6726494509146553,0.6947443384133314,True,sequence_only
PRIMARY,CG,translation,dnabert2,0.4350355025584383,0.5832436940693821,True,sequence_only
PRIMARY,CG,translation,promogen2,0.4670333385929716,0.5832436940693821,True,sequence_only
SECONDARY,SE,transcription,dnabert2,0.48925633783411404,0.5075186001653347,True,sequence_only
SECONDARY,SE,transcription,promogen2,0.41569922843758605,0.5075186001653347,True,sequence_only
SECONDARY,SE,translation,dnabert2,0.48422539027325107,0.6092667883240763,True,sequence_only
SECONDARY,SE,translation,promogen2,0.4906858768497638,0.6092667883240763,True,sequence_only
SECONDARY,VN,transcription,dnabert2,0.6118597239486128,0.6588011869027488,True,sequence_only
SECONDARY,VN,transcription,promogen2,0.5910886259522644,0.6588011869027488,True,sequence_only
SECONDARY,VN,translation,dnabert2,0.36038567555924506,0.4845860263807532,True,sequence_only
SECONDARY,VN,translation,promogen2,0.43511155560017445,0.4845860263807532,True,sequence_only
SECONDARY,CG,transcription,dnabert2,0.7012727272727273,0.735395113361215,True,sequence_only
SECONDARY,CG,transcription,promogen2,0.6697349768875194,0.735395113361215,True,sequence_only
SECONDARY,CG,translation,dnabert2,0.5151054934632363,0.6197174267130112,True,sequence_only
SECONDARY,CG,translation,promogen2,0.5336487744724245,0.6197174267130112,True,sequence_only
