host,readout,eval_point,mechanism,system,rho_mean,rho_lower90,rho_upper90
EC,transcription,N0_zeroshot,n/a,sequence_only,0.3671303061184982,0.3475102749500403,0.38654426230357974
EC,transcription,N0_zeroshot,n/a,free_embedding_B3,0.6309564838067871,0.5844021775792697,0.6722792471523654
EC,transcription,N0_zeroshot,n/a,genomic,0.37116617011573333,0.2154115050094531,0.5161862645044263
EC,transcription,N0_zeroshot,n/a,physiology,0.12065213611188788,0.010265572018701213,0.240683358396713
EC,transcription,N100,head_only,sequence_only,0.6687186666896028,0.6346242827030738,0.6966039938500466
EC,transcription,N100,head_only,genomic,0.6024746263101448,0.5351936566536512,0.6663037645896731
EC,transcription,N100,head_only,physiology,0.6204849910590957,0.5908708466841368,0.6518600282645833
EC,transcription,N100,top_conv,sequence_only,0.6877769008420047,0.6555907108316883,0.7164163658680115
EC,transcription,N100,top_conv,genomic,0.6259550580725513,0.58128876271223,0.6689908062810909
EC,transcription,N100,top_conv,physiology,0.665867551450512,0.6302589545037046,0.6960035649257009
EC,translation,N0_zeroshot,n/a,sequence_only,0.5624707499475539,0.5481046361111801,0.5742294922351594
EC,translation,N0_zeroshot,n/a,free_embedding_B3,0.5067849249677709,0.4732023575971935,0.537790894691405
EC,translation,N0_zeroshot,n/a,genomic,0.1547424016254527,-0.05910172498667228,0.346222363679838
EC,translation,N0_zeroshot,n/a,physiology,0.20229891437501193,-0.07872014757998737,0.41146545235100795
EC,translation,N100,head_only,sequence_only,0.581324207773789,0.5594245035443142,0.6017718337561618
EC,translation,N100,head_only,genomic,0.4050646108453465,0.2384650256185039,0.5251880312211208
EC,translation,N100,head_only,physiology,0.4929570889485433,0.4713192126238388,0.5110225673804866
EC,translation,N100,top_conv,sequence_only,0.5732572441699321,0.5486616112714006,0.5982479275893567
EC,translation,N100,top_conv,genomic,0.5062520952396612,0.43326914232408154,0.5621989407704728
EC,translation,N100,top_conv,physiology,0.5325831776689697,0.4879948636801746,0.5750196501838171
BS,transcription,N0_zeroshot,n/a,sequence_only,0.2630011797277185,0.24591585394598564,0.28154837471333216
BS,transcription,N0_zeroshot,n/a,free_embedding_B3,0.21133892561322054,0.16027918824953105,0.24642623960112003
BS,transcription,N0_zeroshot,n/a,genomic,0.130505065714771,0.007934950761025544,0.2381174838949535
BS,transcription,N0_zeroshot,n/a,physiology,0.2244289763331376,0.21041864738164776,0.24050367805999456
BS,transcription,N100,head_only,sequence_only,0.23442163950037864,0.2219272447762787,0.24731099931200554
BS,transcription,N100,head_only,genomic,0.2130081453752682,0.1537540985795834,0.260351766534529
BS,transcription,N100,head_only,physiology,-0.05909740400865289,-0.12162835118364287,0.00424120216606214
BS,transcription,N100,top_conv,sequence_only,0.08146449677658141,0.0415446730894384,0.12316462141793488
BS,transcription,N100,top_conv,genomic,0.16999200710657011,0.126063583018115,0.21094282729138303
BS,transcription,N100,top_conv,physiology,0.11773088779350291,0.06644167278956319,0.16564953472432561
BS,translation,N0_zeroshot,n/a,sequence_only,0.29121012536276536,0.2598186360345417,0.32662951867134654
BS,translation,N0_zeroshot,n/a,free_embedding_B3,0.25754097822712263,0.21762434568991074,0.3006250583697563
BS,translation,N0_zeroshot,n/a,genomic,0.15117358142153775,0.11121229397404134,0.1914846487941811
BS,translation,N0_zeroshot,n/a,physiology,0.23982946998822427,0.18180714621468191,0.2994661217978847
BS,translation,N100,head_only,sequence_only,0.2539664665092687,0.21073357379926833,0.30320904416767763
BS,translation,N100,head_only,genomic,0.20544346664648935,0.13181255879429257,0.2715837356717037
BS,translation,N100,head_only,physiology,0.16076667810716447,0.044282176800945025,0.2661612738756914
BS,translation,N100,top_conv,sequence_only,0.23828278337008876,0.1922309446347468,0.28303311543263804
BS,translation,N100,top_conv,genomic,0.22436955809603334,0.19563956006395025,0.25367510174969093
BS,translation,N100,top_conv,physiology,0.2173759591905232,0.1347451711599435,0.2999550721279156
PA,transcription,N0_zeroshot,n/a,sequence_only,0.4794356688101278,0.4557437877887396,0.5002489575254054
PA,transcription,N0_zeroshot,n/a,free_embedding_B3,0.4529116478038711,0.400060199682727,0.4874233982390013
PA,transcription,N0_zeroshot,n/a,genomic,0.33754725611430614,0.23687970271054004,0.43435760051570227
PA,transcription,N0_zeroshot,n/a,physiology,0.110024202736274,-0.16054423388930514,0.3767308401116066
PA,transcription,N100,head_only,sequence_only,0.49736979941032977,0.46678385801091793,0.5269853995475853
PA,transcription,N100,head_only,genomic,0.10436808568435005,-0.07735327122529322,0.26039959467612206
PA,transcription,N100,head_only,physiology,0.24433468409006567,-0.04092168043016112,0.42410342546535523
PA,transcription,N100,top_conv,sequence_only,0.4985795475041364,0.4689837450857965,0.5272116095588266
PA,transcription,N100,top_conv,genomic,0.4807991761606777,0.4350172665466078,0.522588263166404
PA,transcription,N100,top_conv,physiology,0.44372508756595097,0.38046958769101613,0.49551588656271206
PA,translation,N0_zeroshot,n/a,sequence_only,0.3898897331129521,0.36584350892819956,0.4168335870180747
PA,translation,N0_zeroshot,n/a,free_embedding_B3,0.2499989391556582,0.21613140687337196,0.27838628002417165
PA,translation,N0_zeroshot,n/a,genomic,0.13068987882217079,0.049506417059794736,0.2089250592825073
PA,translation,N0_zeroshot,n/a,physiology,0.26672921546717676,0.19757424111072944,0.33444229973608747
PA,translation,N100,head_only,sequence_only,0.3729129403402596,0.3371676332891459,0.4019749959120561
PA,translation,N100,head_only,genomic,0.10012884922157894,-0.001195123556211389,0.19137516558190562
PA,translation,N100,head_only,physiology,0.12525825079159547,-8.764315069076125e-05,0.2375628030413961
PA,translation,N100,top_conv,sequence_only,0.32277509851497327,0.2786054525928591,0.35368177959319236
PA,translation,N100,top_conv,genomic,0.2812175345738842,0.23410950862403587,0.32956301459465276
PA,translation,N100,top_conv,physiology,0.2590111536545679,0.19568038676380284,0.3139726665198763
