pair,readout,host_measured,pooled_n,pooled_iqr,pooled_std,pooled_range,coactive_n,coactive_iqr,coactive_std,coactive_range,iqr_ratio_coactive_over_pooled
EC_BS,transcription,EC,14088,3.131533184,14.00990469240737,370.0496161,3668,16.819214162,22.828612528106433,370.04488303899996,5.3709199851161475
EC_BS,transcription,BS,14088,0.0583808024666,30.861974889201395,3559.89453212,3668,3.082393818819,13.884260381812904,599.3360803664707,52.79807211595722
EC_BS,translation,EC,866,0.8699999999999997,0.6340580055488022,2.5300000000000002,866,0.8699999999999997,0.6340580055488022,2.5300000000000002,1.0
EC_BS,translation,BS,866,0.81,0.5971744366727295,2.46,866,0.81,0.5971744366727295,2.46,1.0
EC_PA,transcription,EC,19643,0.366023359,7.150084099278795,332.7152335,9741,2.2105682499999997,9.838635359814363,332.713337006,6.03941851153822
EC_PA,transcription,PA,19643,2.721486852157,28.985907566303336,1203.64768086,9741,7.300786654,40.1010852526586,1203.6417008042517,2.6826463071881212
EC_PA,translation,EC,4513,0.8,0.5585087943600376,2.5300000000000002,3826,0.8900000000000001,0.5742627251121858,2.5300000000000002,1.1125
EC_PA,translation,PA,4513,0.4484699999999999,0.3735476511176141,2.0982000000000003,3826,0.4787074999999996,0.37601386867084763,1.9851800000000002,1.0674236849733532
BS_PA,transcription,BS,11969,0.0,32.83836378430879,3559.89453212,2099,2.485552771119,78.19454179886131,3559.8932943644704,
BS_PA,transcription,PA,11969,3.156386091691,32.73803500508036,773.221208259,2099,42.00318609021501,67.68081970860887,773.2108155008245,13.307366358249364
BS_PA,translation,BS,352,0.96,0.5806401363520469,2.46,314,0.96,0.5851856362673875,2.46,1.0
BS_PA,translation,PA,352,0.915375,0.5095070120376054,2.0982000000000003,314,0.8758249999999999,0.49155645724270197,1.98475,0.9567936637989892
