held_out,training_partner,readout,fold,system,n_coactive,rho_full_test,rho_coactive_subset
EC,BS,transcription,0,sequence_only,616,0.3340040967369831,0.13907443950733364
EC,BS,transcription,0,film_genomic,616,0.3145275792195699,0.188785913529574
EC,BS,transcription,1,sequence_only,778,0.34160145784453183,0.01079861495457336
EC,BS,transcription,1,film_genomic,778,0.5534396793435752,0.21038353451715938
EC,BS,transcription,2,sequence_only,625,0.4006676480872689,0.11386954832195018
EC,BS,transcription,2,film_genomic,625,0.044595946980762,-0.025506840479477134
EC,BS,transcription,3,sequence_only,684,0.3730391637769703,0.0995155944566004
EC,BS,transcription,3,film_genomic,684,0.6060866684105028,0.3670275479465382
EC,BS,transcription,4,sequence_only,886,0.3863377155641697,0.030731768481363567
EC,BS,transcription,4,film_genomic,886,0.3371804484481312,0.10728339441462907
EC,BS,translation,0,sequence_only,120,0.5300956013737502,0.3286157402841373
EC,BS,translation,0,film_genomic,120,0.41172102270910277,0.2084229130840999
EC,BS,translation,1,sequence_only,199,0.5706744728362052,0.26384708886823216
EC,BS,translation,1,film_genomic,199,0.023287186526363354,0.030945644733527337
EC,BS,translation,2,sequence_only,120,0.5795616681281539,0.29748165837558604
EC,BS,translation,2,film_genomic,120,-0.2866320359581334,-0.07623807552569659
EC,BS,translation,3,sequence_only,164,0.5739438464967516,0.12143925089932156
EC,BS,translation,3,film_genomic,164,0.47266270370461894,0.15071762843350084
EC,BS,translation,4,sequence_only,227,0.5580779254326175,0.17506155833422762
EC,BS,translation,4,film_genomic,227,0.15267421172871348,-0.04122952976878016
EC,PA,transcription,0,sequence_only,2032,0.3340040967369831,0.47849813451708667
EC,PA,transcription,0,film_genomic,2032,0.3145275792195699,0.26725182426410693
EC,PA,transcription,1,sequence_only,1619,0.34160145784453183,0.5504779807457982
EC,PA,transcription,1,film_genomic,1619,0.5534396793435752,0.420546394809987
EC,PA,transcription,2,sequence_only,2143,0.4006676480872689,0.5096886484436656
EC,PA,transcription,2,film_genomic,2143,0.044595946980762,0.15503827004820475
EC,PA,transcription,3,sequence_only,1908,0.3730391637769703,0.5185835770760475
EC,PA,transcription,3,film_genomic,1908,0.6060866684105028,0.4224570788775798
EC,PA,transcription,4,sequence_only,1907,0.3863377155641697,0.575026850953342
EC,PA,transcription,4,film_genomic,1907,0.3371804484481312,0.23620511757022195
EC,PA,translation,0,sequence_only,816,0.5300956013737502,0.38983834521865474
EC,PA,translation,0,film_genomic,816,0.41172102270910277,0.28954728481296965
EC,PA,translation,1,sequence_only,607,0.5706744728362052,0.5055195212252896
EC,PA,translation,1,film_genomic,607,0.023287186526363354,-0.13064384408104757
EC,PA,translation,2,sequence_only,772,0.5795616681281539,0.5187239459611517
EC,PA,translation,2,film_genomic,772,-0.2866320359581334,-0.10271706978221623
EC,PA,translation,3,sequence_only,722,0.5739438464967516,0.43710872491980374
EC,PA,translation,3,film_genomic,722,0.47266270370461894,0.33016520202367555
EC,PA,translation,4,sequence_only,803,0.5580779254326175,0.525144224374555
EC,PA,translation,4,film_genomic,803,0.15267421172871348,0.09916176535769869
BS,EC,transcription,0,sequence_only,616,0.23396176094004262,0.25524740335864293
BS,EC,transcription,0,film_genomic,616,-0.14706238720078488,-0.16414252482730013
BS,EC,transcription,1,sequence_only,778,0.247711111942933,0.2805871806024667
BS,EC,transcription,1,film_genomic,778,0.08074391359206123,0.1301687673092287
BS,EC,transcription,2,sequence_only,625,0.2524986468045907,0.27659897306434106
BS,EC,transcription,2,film_genomic,625,0.24710018489039023,0.2729664855503852
BS,EC,transcription,3,sequence_only,684,0.29364442888900866,0.3177365901164769
BS,EC,transcription,3,film_genomic,684,0.23131265958844735,0.24167659755572274
BS,EC,transcription,4,sequence_only,886,0.2872041053365301,0.2845591085808691
BS,EC,transcription,4,film_genomic,886,0.2404254514878626,0.2370998717520334
BS,EC,translation,0,sequence_only,120,0.29146179381201187,0.21062554321093416
BS,EC,translation,0,film_genomic,120,0.09344969606872251,0.06526739458503009
BS,EC,translation,1,sequence_only,199,0.3764439667254615,0.3221335871598355
BS,EC,translation,1,film_genomic,199,0.23010735195175858,0.14355431415795358
BS,EC,translation,2,sequence_only,120,0.2304428446342193,0.1217759034918454
BS,EC,translation,2,film_genomic,120,0.13610729120628515,0.03454125044645765
BS,EC,translation,3,sequence_only,164,0.2843291730960052,0.264348860653579
BS,EC,translation,3,film_genomic,164,0.09519859569445695,0.055616782772275844
BS,EC,translation,4,sequence_only,227,0.273372848546129,0.223495059078257
BS,EC,translation,4,film_genomic,227,0.20100497218646565,0.1607441987885736
BS,PA,transcription,0,sequence_only,392,0.23396176094004262,0.17291631048183892
BS,PA,transcription,0,film_genomic,392,-0.14706238720078488,-0.13268958002372952
BS,PA,transcription,1,sequence_only,346,0.247711111942933,0.30853034384897937
BS,PA,transcription,1,film_genomic,346,0.08074391359206123,0.10897584233957056
BS,PA,transcription,2,sequence_only,420,0.2524986468045907,0.30721440792874777
BS,PA,transcription,2,film_genomic,420,0.24710018489039023,0.2694617015075202
BS,PA,transcription,3,sequence_only,368,0.29364442888900866,0.24231093750722987
BS,PA,transcription,3,film_genomic,368,0.23131265958844735,0.15585955109753213
BS,PA,transcription,4,sequence_only,514,0.2872041053365301,0.22691552432410947
BS,PA,transcription,4,film_genomic,514,0.2404254514878626,0.22003432492502142
BS,PA,translation,0,sequence_only,64,0.29146179381201187,0.26699664300769005
BS,PA,translation,0,film_genomic,64,0.09344969606872251,0.1472758106148912
BS,PA,translation,1,sequence_only,67,0.3764439667254615,0.3559386208243897
BS,PA,translation,1,film_genomic,67,0.23010735195175858,0.28621620834301353
BS,PA,translation,2,sequence_only,64,0.2304428446342193,0.1997872873162203
BS,PA,translation,2,film_genomic,64,0.13610729120628515,0.25335011670127455
BS,PA,translation,3,sequence_only,24,0.2843291730960052,0.3022331635414372
BS,PA,translation,3,film_genomic,24,0.09519859569445695,0.32273865841298016
BS,PA,translation,4,sequence_only,75,0.273372848546129,0.1777317262606949
BS,PA,translation,4,film_genomic,75,0.20100497218646565,0.1379450954544277
PA,EC,transcription,0,sequence_only,2032,0.4292999119406255,0.4495500800133634
PA,EC,transcription,0,film_genomic,2032,0.11236834205066419,0.10691401500511581
PA,EC,transcription,1,sequence_only,1619,0.4777040361998253,0.5451810238169041
PA,EC,transcription,1,film_genomic,1619,0.329000375795719,0.34446779123057863
PA,EC,transcription,2,sequence_only,2143,0.47120752077985273,0.5053741750380422
PA,EC,transcription,2,film_genomic,2143,0.3153286090255905,0.28224483877346646
PA,EC,transcription,3,sequence_only,1908,0.5022873424122232,0.4823039980327891
PA,EC,transcription,3,film_genomic,1908,0.455874159098888,0.3612553264002949
PA,EC,transcription,4,sequence_only,1907,0.5166796127791928,0.5396913346278864
PA,EC,transcription,4,film_genomic,1907,0.4751614653707036,0.4726873696315543
PA,EC,translation,0,sequence_only,816,0.38066526267867445,0.3763735592374159
PA,EC,translation,0,film_genomic,816,0.040517413132074506,0.040245905550609196
PA,EC,translation,1,sequence_only,607,0.3922224205862101,0.425568403149005
PA,EC,translation,1,film_genomic,607,0.24769345957944514,0.21916796181831694
PA,EC,translation,2,sequence_only,772,0.345131372968828,0.39954781698051894
PA,EC,translation,2,film_genomic,772,0.165513435775847,0.28432180361702997
PA,EC,translation,3,sequence_only,722,0.3776260183402357,0.43982554266452556
PA,EC,translation,3,film_genomic,722,0.23295200300951727,0.2567214788788662
PA,EC,translation,4,sequence_only,803,0.4538036356841634,0.4381553268376274
PA,EC,translation,4,film_genomic,803,-0.03323117796639481,0.0033433654246628566
PA,BS,transcription,0,sequence_only,392,0.4292999119406255,0.3266200931039634
PA,BS,transcription,0,film_genomic,392,0.11236834205066419,0.13692348531747503
PA,BS,transcription,1,sequence_only,346,0.4777040361998253,0.4584728657203113
PA,BS,transcription,1,film_genomic,346,0.329000375795719,0.22117994262239518
PA,BS,transcription,2,sequence_only,420,0.47120752077985273,0.378053710711632
PA,BS,transcription,2,film_genomic,420,0.3153286090255905,0.19316188108644877
PA,BS,transcription,3,sequence_only,368,0.5022873424122232,0.43435070733996284
PA,BS,transcription,3,film_genomic,368,0.455874159098888,0.28735992333200466
PA,BS,transcription,4,sequence_only,514,0.5166796127791928,0.35577627257127076
PA,BS,transcription,4,film_genomic,514,0.4751614653707036,0.3192417316705112
PA,BS,translation,0,sequence_only,64,0.38066526267867445,0.5529304029304029
PA,BS,translation,0,film_genomic,64,0.040517413132074506,0.03736263736263736
PA,BS,translation,1,sequence_only,67,0.3922224205862101,0.5049136494948544
PA,BS,translation,1,film_genomic,67,0.24769345957944514,0.245752312171144
PA,BS,translation,2,sequence_only,64,0.345131372968828,0.5629120879120879
PA,BS,translation,2,film_genomic,64,0.165513435775847,0.25805860805860803
PA,BS,translation,3,sequence_only,24,0.3776260183402357,0.46173913043478254
PA,BS,translation,3,film_genomic,24,0.23295200300951727,0.45652173913043476
PA,BS,translation,4,sequence_only,75,0.4538036356841634,0.42304710560889086
PA,BS,translation,4,film_genomic,75,-0.03323117796639481,0.04766747985525869
