host,variant,readout,N,mechanism,spearman_rho_mean,spearman_rho_std_across_folds,mcc_mean,auc_mean,n_folds
EC,genomic,transcription,0,none (LOHO zero-shot),0.37116617011573333,0.19971056547573013,,,5
EC,genomic,translation,0,none (LOHO zero-shot),0.1547424016254527,0.2753952903271881,,,5
EC,genomic,transcription,10,head_only,0.5620057639043031,0.12086397408050882,0.15509456962680285,0.7527708786356457,5
EC,genomic,translation,10,head_only,0.3573510759088566,0.231084242340846,0.12181897613481903,0.7488723798225536,5
EC,genomic,transcription,30,head_only,0.5789336974878012,0.1052998850195098,0.057732495393701636,0.7615572506819615,5
EC,genomic,translation,30,head_only,0.36506953778747203,0.2571406017860424,0.19482659168148952,0.7567423832429576,5
EC,genomic,transcription,100,head_only,0.6024746263101448,0.08269606176741261,0.09160221210976507,0.7684315323535085,5
EC,genomic,translation,100,head_only,0.4050646108453465,0.19892694523780943,0.1954296397062747,0.7630639694319317,5
EC,genomic,transcription,300,head_only,0.6016638886892588,0.08468551117241041,0.07249201008147868,0.7687409968329874,5
EC,genomic,translation,300,head_only,0.3881820002333486,0.23013702290812865,0.24460346409696604,0.7627588942337725,5
EC,genomic,transcription,300,top_conv,0.6414978218841483,0.06090749550319617,0.10093144431556947,0.7781301961779385,5
EC,genomic,translation,300,top_conv,0.5358742721024091,0.04359291456343516,0.009297491415110852,0.7671471959151452,5
EC,genomic,transcription,1000,top_conv,0.6401106091452222,0.05709314648149988,0.09747541836277691,0.780779646720181,5
EC,genomic,translation,1000,top_conv,0.5385795019200146,0.04351637111389643,0.006973085848932102,0.7712672177338308,5
EC,genomic,transcription,3000,top_conv,0.6917425552236262,0.054419488200407415,0.4446089161517146,0.7973718582324147,5
EC,genomic,translation,3000,top_conv,0.5800939305987164,0.034260857940854074,0.4008697070589916,0.789988543268289,5
EC,physiology,transcription,0,none (LOHO zero-shot),0.12065213611188788,0.15739541132022872,,,5
EC,physiology,translation,0,none (LOHO zero-shot),0.20229891437501193,0.3240586907363569,,,5
EC,physiology,transcription,10,head_only,0.5815486075312807,0.03891545769498827,0.2532935272416596,0.7804101222188439,5
EC,physiology,translation,10,head_only,0.42373040667434153,0.027568392385306624,0.26851842509272605,0.7732842471317125,5
EC,physiology,transcription,30,head_only,0.6076888578654722,0.04303272437101528,0.31277263207536554,0.7853881141872303,5
EC,physiology,translation,30,head_only,0.4688416151494132,0.03534986801122297,0.3183678541683538,0.7803574192020053,5
EC,physiology,transcription,100,head_only,0.6204849910590957,0.04034231897033388,0.33058834377144986,0.7882227924901523,5
EC,physiology,translation,100,head_only,0.4929570889485433,0.02544690793339695,0.3460886721331424,0.7833224493720452,5
EC,physiology,transcription,300,head_only,0.623210854580812,0.03464031124188049,0.325030850713246,0.7877244049007499,5
EC,physiology,translation,300,head_only,0.4952646919936642,0.019206477336474893,0.3449380147726303,0.7831617869380043,5
EC,physiology,transcription,300,top_conv,0.6791882347017457,0.04474997734088559,0.3958021727589827,0.7937421351769691,5
EC,physiology,translation,300,top_conv,0.5553399118335677,0.03385660151696771,0.38426393326587827,0.7893951702863945,5
EC,physiology,transcription,1000,top_conv,0.6866812819009752,0.042546324302785404,0.3998644253900515,0.7963500127914342,5
EC,physiology,translation,1000,top_conv,0.5628051312410058,0.03393975008589865,0.3984219987490919,0.7913401529717531,5
EC,physiology,transcription,3000,top_conv,0.6969111435771567,0.04321136014983257,0.4261519804445323,0.8002106175196811,5
EC,physiology,translation,3000,top_conv,0.5902139212043549,0.030587531026465775,0.4469954532830527,0.7977579983175931,5
BS,genomic,transcription,0,none (LOHO zero-shot),0.130505065714771,0.15189480419445323,,,5
BS,genomic,translation,0,none (LOHO zero-shot),0.15117358142153775,0.05550846188448492,,,5
BS,genomic,transcription,10,head_only,0.16104630480869903,0.07616022242267688,0.1772768788240517,0.8165902559180127,5
BS,genomic,translation,10,head_only,0.15250116202004826,0.14280728660673303,0.02403755892950349,0.7605958005595121,5
BS,genomic,transcription,30,head_only,0.2147372803191856,0.0666173250266191,0.2224120708107326,0.829357877202904,5
BS,genomic,translation,30,head_only,0.16816792935021918,0.14734223965579593,0.020180308616090135,0.8006965172006817,5
BS,genomic,transcription,100,head_only,0.2130081453752682,0.06831572374942764,0.28324132446073946,0.8225707912448694,5
BS,genomic,translation,100,head_only,0.20544346664648935,0.0920629428204587,0.003392201612257531,0.7953872833621203,5
BS,genomic,transcription,300,head_only,0.22614835618924606,0.07149784254390855,0.2654558241231463,0.8305467763758463,5
BS,genomic,translation,300,head_only,0.2203585882501416,0.07993652031519864,0.0033469688630235494,0.8062410326098547,5
BS,genomic,transcription,300,top_conv,0.19173221355715,0.054316509183190406,0.24450234020426134,0.8223202325428179,5
BS,genomic,translation,300,top_conv,0.23979077406805732,0.03708750525251421,0.03382420018724795,0.7570005313370191,5
BS,genomic,transcription,1000,top_conv,0.20383618460215397,0.06546201784839002,0.2632482351799887,0.8241236889889898,5
BS,genomic,translation,1000,top_conv,0.24203661318975267,0.03577357180444941,0.030497308975615006,0.7746788786025431,5
BS,genomic,transcription,3000,top_conv,0.24495871146143727,0.0668573946348578,0.4377631358083017,0.8353300833389798,5
BS,genomic,translation,3000,top_conv,0.24708381230499565,0.033428838967406074,0.0011864364139043853,0.8097628221089703,5
BS,physiology,transcription,0,none (LOHO zero-shot),0.2244289763331376,0.019938829800244872,,,5
BS,physiology,translation,0,none (LOHO zero-shot),0.23982946998822427,0.0785934534862647,,,5
BS,physiology,transcription,10,head_only,-0.03391363959467671,0.06365780842507023,0.13928917168136912,0.6894255531835476,5
BS,physiology,translation,10,head_only,0.1543148869385668,0.1328211171819849,0.030862308382950687,0.6593983513385646,5
BS,physiology,transcription,30,head_only,-0.05734355942340955,0.07594745177673913,0.16148913997489953,0.6874748215262089,5
BS,physiology,translation,30,head_only,0.17613771454011626,0.13343218327124357,0.02317372809091849,0.6757733922438973,5
BS,physiology,transcription,100,head_only,-0.05909740400865289,0.08304421885418464,0.16068366998942632,0.674121569437286,5
BS,physiology,translation,100,head_only,0.16076667810716447,0.14786814502777423,0.013680982388584501,0.671484876509173,5
BS,physiology,transcription,300,head_only,-0.046444972071122734,0.1014340972854579,0.1726751375844909,0.6775694205766999,5
BS,physiology,translation,300,head_only,0.16001666061786157,0.15508768690024943,0.010278149139075427,0.6761235543756638,5
BS,physiology,transcription,300,top_conv,0.13734645937566053,0.07649326557100782,0.3653861800524328,0.821362715978099,5
BS,physiology,translation,300,top_conv,0.22179161033845168,0.13015904560758915,0.14357783045949774,0.7946342092513875,5
BS,physiology,transcription,1000,top_conv,0.142330986983522,0.08222951649905966,0.3695294567711729,0.8263189391842689,5
BS,physiology,translation,1000,top_conv,0.24459365367720456,0.10790025073330936,0.13364463678457436,0.8033877400157895,5
BS,physiology,transcription,3000,top_conv,0.2415725164911427,0.044377052850964896,0.449564457824533,0.8445194819542474,5
BS,physiology,translation,3000,top_conv,0.24385698306777925,0.06385120973317154,0.05794358022657827,0.8238879048840306,5
PA,genomic,transcription,0,none (LOHO zero-shot),0.33754725611430614,0.12977724539062005,,,5
PA,genomic,translation,0,none (LOHO zero-shot),0.13068987882217079,0.10987261846283573,,,5
PA,genomic,transcription,10,head_only,0.03507615474805394,0.20912507285810913,-0.004033966343918541,0.47720032154744735,5
PA,genomic,translation,10,head_only,0.04693343046363379,0.08800834951982565,0.02706104986486092,0.5158131922892759,5
PA,genomic,transcription,30,head_only,0.0654584107660318,0.23577219086156298,0.0009020650652647085,0.516179157955715,5
PA,genomic,translation,30,head_only,0.08479385115087926,0.11386859766011134,0.04262679443928226,0.5270870712972093,5
PA,genomic,transcription,100,head_only,0.10436808568435005,0.223758036298082,0.0,0.5211654206966845,5
PA,genomic,translation,100,head_only,0.10012884922157894,0.13109578057896223,0.04170399432911286,0.528627417503125,5
PA,genomic,transcription,300,head_only,0.12360697216850336,0.24659232072879458,0.0,0.5261399071387486,5
PA,genomic,translation,300,head_only,0.10572043137923966,0.13834550874492463,0.039628529949744154,0.5283609909378232,5
PA,genomic,transcription,300,top_conv,0.4924128183688568,0.05635478670267468,0.08182726464264448,0.7742502910955362,5
PA,genomic,translation,300,top_conv,0.30830769783045436,0.06963179655199302,0.10860407920513175,0.6411563816433363,5
PA,genomic,transcription,1000,top_conv,0.49888189496862123,0.057241211566957835,0.11057316046443241,0.778770212693114,5
PA,genomic,translation,1000,top_conv,0.3182360230133506,0.07079892690502833,0.11908608618397856,0.6450647703706848,5
PA,genomic,transcription,3000,top_conv,0.5130452231715872,0.04492076160011758,0.2750501148169133,0.7843172498692447,5
PA,genomic,translation,3000,top_conv,0.34630009917309723,0.050390624107335295,0.21037268249165755,0.6534694602380609,5
PA,physiology,transcription,0,none (LOHO zero-shot),0.110024202736274,0.37825865542291065,,,5
PA,physiology,translation,0,none (LOHO zero-shot),0.26672921546717676,0.08895741693127696,,,5
PA,physiology,transcription,10,head_only,0.20226278743507967,0.29316477007715674,0.10658659451066485,0.6223999960322717,5
PA,physiology,translation,10,head_only,0.12235481770704901,0.15901883175151874,0.06541334618221725,0.5723609252964165,5
PA,physiology,transcription,30,head_only,0.20054180292722013,0.2897739400408925,0.10028219552378156,0.618282699771789,5
PA,physiology,translation,30,head_only,0.11727645362165653,0.17007551912362812,0.06859903833344524,0.5731728325756205,5
PA,physiology,transcription,100,head_only,0.24433468409006567,0.3085010488214243,0.1043299780826972,0.6346500622261099,5
PA,physiology,translation,100,head_only,0.12525825079159547,0.15910935195265463,0.07952018187888925,0.577457649610081,5
PA,physiology,transcription,300,head_only,0.24534205616327182,0.3102153037325502,0.10437481567063134,0.6349768229983136,5
PA,physiology,translation,300,head_only,0.12512331679569963,0.16070993803717526,0.08440607105087546,0.5770343804280399,5
PA,physiology,transcription,300,top_conv,0.457733941064865,0.07159124493967206,0.05233790281907058,0.7235210841808337,5
PA,physiology,translation,300,top_conv,0.27045442821059945,0.07797807058027827,0.10902334947496968,0.5880229043807301,5
PA,physiology,transcription,1000,top_conv,0.459097687121813,0.08550025005028737,0.0325197541815929,0.726358641784317,5
PA,physiology,translation,1000,top_conv,0.2706548562858964,0.08940260682266142,0.10493083768491714,0.5877033985820022,5
PA,physiology,transcription,3000,top_conv,0.5222323766954862,0.0406567276967301,0.21806841322683637,0.7791110819445372,5
PA,physiology,translation,3000,top_conv,0.34008861207207713,0.02364683141933212,0.2021255950333194,0.6566911374689323,5
