host,variant,readout,N,spearman_rho_mean,spearman_rho_std,mcc_mean,mcc_std,auc_mean,auc_std,n_folds
EC,genomic,transcription,N=0 (LOHO base),0.37116617011573333,0.19971056547573013,0.023566359169037696,0.04713271833807539,0.6171107358636173,0.15430740733574078,5
EC,genomic,translation,N=0 (LOHO base),0.1547424016254527,0.2753952903271881,0.0,0.0,0.636713271346154,0.14255242923515096,5
EC,physiology,transcription,N=0 (LOHO base),0.12065213611188788,0.15739541132022872,0.07472804933185395,0.13665803078968639,0.6938326729338022,0.04247421072289157,5
EC,physiology,translation,N=0 (LOHO base),0.20229891437501193,0.3240586907363569,0.06160922182855942,0.10473530426314166,0.6659251217260207,0.08427259029175108,5
BS,genomic,transcription,N=0 (LOHO base),0.130505065714771,0.15189480419445323,0.0802904682484502,0.1605809364969004,0.8298682735234657,0.027943835063265383,5
BS,genomic,translation,N=0 (LOHO base),0.15117358142153775,0.05550846188448492,0.013381053258734368,0.023234911503017673,0.7938509475578455,0.008201531381641383,5
BS,physiology,transcription,N=0 (LOHO base),0.2244289763331376,0.019938829800244872,0.11701729160258385,0.07204115730376505,0.8437261470062657,0.022698367451048664,5
BS,physiology,translation,N=0 (LOHO base),0.23982946998822427,0.0785934534862647,0.11843688820263705,0.05840911327275019,0.8124719728229302,0.03005474011544149,5
PA,genomic,transcription,N=0 (LOHO base),0.33754725611430614,0.12977724539062005,0.0,0.0,0.5952441231601749,0.1308510709730003,5
PA,genomic,translation,N=0 (LOHO base),0.13068987882217079,0.10987261846283573,0.04744904582989555,0.09079905108305258,0.5720523000664374,0.05286392110541561,5
PA,physiology,transcription,N=0 (LOHO base),0.110024202736274,0.37825865542291065,0.0774788940820971,0.10800365799604662,0.5760322195336602,0.23720492662792078,5
PA,physiology,translation,N=0 (LOHO base),0.26672921546717676,0.08895741693127696,0.029961869243023964,0.03682596172705548,0.545726205441536,0.11107309244181506,5
