host,readout,baseline,config,spearman_rho_mean,spearman_rho_std_across_folds,mcc_mean,mcc_std_across_folds,auc_mean,auc_std_across_folds,n_folds
EC,transcription,B1_mean_majority,N/A,,,0.0,0.0,0.5,0.0,5
EC,transcription,B2_per_host_calibration,N=0,,,0.0,0.0,,,0
EC,transcription,B2_per_host_calibration,N=10,0.4668032476400482,0.09302563485600726,0.06860426313756414,0.04626759738611315,,,5
EC,transcription,B2_per_host_calibration,N=30,0.5815280941052243,0.04662431876211295,0.03803313424547611,0.03631377288273332,,,5
EC,transcription,B2_per_host_calibration,N=100,0.613974819247316,0.059807504513263374,0.0,0.0,,,5
EC,transcription,B2_per_host_calibration,N=300,0.6197199514488447,0.060439733183916,0.003725288919064696,0.006535931946492989,,,5
EC,transcription,B2_per_host_calibration,N=1000,0.6220836326764337,0.05999826134484154,0.09706704420565049,0.018912805105706764,,,5
EC,transcription,B2_per_host_calibration,N=3000,0.6230026675435432,0.0600849231031823,0.32840573642900006,0.045077714927277655,,,5
EC,transcription,B3_free_host_embedding_diagnostic,fallback=mean,0.6309564838067871,0.05905886006914992,0.3785315603330209,0.05185109315403992,0.7737031601972137,0.031064229176122747,5
EC,transcription,B4_biophysical,n/a,0.47484279473039537,0.030441264390747017,,,,,5
EC,translation,B1_mean_majority,N/A,,,0.0,0.0,0.5,0.0,5
EC,translation,B2_per_host_calibration,N=0,,,0.0,0.0,,,0
EC,translation,B2_per_host_calibration,N=10,0.34152610148422224,0.1196482360833468,0.02576506056205947,0.02241840975831569,,,5
EC,translation,B2_per_host_calibration,N=30,0.37781360013684673,0.08460607629664123,-0.003942159138961328,0.007884318277922655,,,5
EC,translation,B2_per_host_calibration,N=100,0.4814001814972926,0.045270343463615734,0.0,0.0,,,5
EC,translation,B2_per_host_calibration,N=300,0.49146684096143706,0.04522080645829572,0.0,0.0,,,5
EC,translation,B2_per_host_calibration,N=1000,0.49616239469507023,0.045574013350753145,0.000555253011964871,0.0017708110392926346,,,5
EC,translation,B2_per_host_calibration,N=3000,0.49749909693235345,0.04529831904463465,0.11306153777310494,0.0382352924451224,,,5
EC,translation,B3_free_host_embedding_diagnostic,fallback=mean,0.5067849249677709,0.0420643686073849,0.19698113260140226,0.03846319628454947,0.745227014092935,0.03503014728545923,5
EC,translation,B4_biophysical,n/a,0.04936137562206856,0.032120166619356,,,,,5
BS,transcription,B1_mean_majority,N/A,,,0.0,0.0,0.5,0.0,5
BS,transcription,B2_per_host_calibration,N=0,,,0.0,0.0,,,0
BS,transcription,B2_per_host_calibration,N=10,0.05061033293588679,0.061642786790375215,0.03748818100834574,0.03607790447557796,,,5
BS,transcription,B2_per_host_calibration,N=30,0.055920615068046645,0.03578217127365192,0.005462980804154891,0.01092596160830978,,,5
BS,transcription,B2_per_host_calibration,N=100,0.10706263352327891,0.042575128386563646,0.0,0.0,,,5
BS,transcription,B2_per_host_calibration,N=300,0.15029957906266947,0.03385450500628158,0.0,0.0,,,5
BS,transcription,B2_per_host_calibration,N=1000,0.20972523982265714,0.0560027193598974,0.00012354233515598443,0.00024708467031196886,,,5
BS,transcription,B2_per_host_calibration,N=3000,0.2176608762524465,0.05988448930867726,0.13720507073301075,0.04236709169412581,,,5
BS,transcription,B3_free_host_embedding_diagnostic,fallback=mean,0.21133892561322054,0.05732813818962461,0.20120029573406834,0.033163699139745824,0.8031173704020571,0.02917140120894933,5
BS,transcription,B4_biophysical,n/a,0.22316032864690705,0.03721901354789344,,,,,5
BS,translation,B1_mean_majority,N/A,,,0.0,0.0,0.5,0.0,5
BS,translation,B2_per_host_calibration,N=0,,,0.0,0.0,,,0
BS,translation,B2_per_host_calibration,N=10,0.07097814782254308,0.08459290868346397,0.0,0.0,,,2
BS,translation,B2_per_host_calibration,N=30,0.052643313045274406,0.13643837193507638,0.0,0.0,,,5
BS,translation,B2_per_host_calibration,N=100,0.10651442146940296,0.06108190314663722,0.0,0.0,,,5
BS,translation,B2_per_host_calibration,N=300,0.15915159574545443,0.021594337893911807,0.0,0.0,,,5
BS,translation,B2_per_host_calibration,N=1000,0.23727105716433475,0.057931535721619305,0.0,0.0,,,5
BS,translation,B2_per_host_calibration,N=3000,0.25541284373938294,0.05810323405009929,0.0,0.0,,,5
BS,translation,B3_free_host_embedding_diagnostic,fallback=mean,0.25754097822712263,0.053538486191295524,0.23657087077353153,0.056917495005069936,0.7855668531565685,0.047114244729834776,5
BS,translation,B4_biophysical,n/a,-0.02010970737224287,0.04452482766776623,,,,,5
PA,transcription,B1_mean_majority,N/A,,,0.0,0.0,0.5,0.0,5
PA,transcription,B2_per_host_calibration,N=0,,,0.0,0.0,,,0
PA,transcription,B2_per_host_calibration,N=10,0.2622607328975578,0.04209706845863107,0.0,0.0,,,5
PA,transcription,B2_per_host_calibration,N=30,0.3826794705423676,0.06374188667560125,0.0,0.0,,,5
PA,transcription,B2_per_host_calibration,N=100,0.4311597789311949,0.05857728973657621,0.0,0.0,,,5
PA,transcription,B2_per_host_calibration,N=300,0.44166591741826755,0.05773366169856697,0.0,0.0,,,5
PA,transcription,B2_per_host_calibration,N=1000,0.4454064636921903,0.05813640082010384,0.0,0.0,,,5
PA,transcription,B2_per_host_calibration,N=3000,0.44722858339906857,0.05860406327951198,0.0,0.0,,,5
PA,transcription,B3_free_host_embedding_diagnostic,fallback=mean,0.4529116478038711,0.05844009197222985,0.13670526989992757,0.029274405342513708,0.7700934493427265,0.03696948471693007,5
PA,transcription,B4_biophysical,n/a,0.43364012652409245,0.03652857366512452,,,,,5
PA,translation,B1_mean_majority,N/A,,,0.0,0.0,0.5,0.0,5
PA,translation,B2_per_host_calibration,N=0,,,0.0,0.0,,,0
PA,translation,B2_per_host_calibration,N=10,0.10046500525353434,0.03315687718098564,0.011611889737603236,0.01096880449074561,,,5
PA,translation,B2_per_host_calibration,N=30,0.1473511284054273,0.04135638252021536,0.005287198908523885,0.006417278069827957,,,5
PA,translation,B2_per_host_calibration,N=100,0.20572968712547213,0.03512466751204624,0.004239566520799504,0.008479133041599009,,,5
PA,translation,B2_per_host_calibration,N=300,0.23294061140431682,0.039908591208777565,0.0,0.0,,,5
PA,translation,B2_per_host_calibration,N=1000,0.2543771352970333,0.04037042927228254,0.0012291717778910606,0.002002575277700336,,,5
PA,translation,B2_per_host_calibration,N=3000,0.2577817235485592,0.04012443745850649,0.05630701437870479,0.016518583159834573,,,5
PA,translation,B3_free_host_embedding_diagnostic,fallback=mean,0.2499989391556582,0.04203542754870839,0.00788618355501634,0.006440737006397133,0.641011344063991,0.02248571479094297,5
PA,translation,B4_biophysical,n/a,-0.011244817404240747,0.02104754471219283,,,,,5
