host,truncation_depth,n_actual,ribosomal_proteins,rnap_core,sigma_factors,chaperones,elongation_factors
PA,1032,1032,0.2547533220626629,0.009650963685726252,0.001421493414470586,0.04505157525342732,0.026702374002513112
PA,1500,1500,0.243744275531157,0.00923390177096975,0.001643497470591985,0.04310469234620217,0.02554844330785064
PA,2000,2000,0.23855318729522293,0.00903724484948679,0.0016714940158990073,0.04218667997087841,0.025004331150907458
PA,full(5034),5034,0.23478940098835568,0.008894053070814673,0.0016694649616974262,0.041518247739384256,0.024608146836812173
BS,1032,1032,0.19968076871746965,0.004014413452555718,0.001242759909248632,0.014267182703856933,0.016861604163886292
BS,1500,1500,0.1929283535854154,0.0038786618410336635,0.0014130295185765724,0.013784722920673629,0.01629141129134166
BS,2000,2000,0.1896219241414971,0.0038121888655696483,0.0015463698025975606,0.013548478673033833,0.016012207115409963
BS,full(4052),4052,0.1870440547231671,0.0037599548655017946,0.0015903969088755059,0.013362839592473532,0.01579281042310368
EC,1032,1032,0.21286703644511298,0.007598215871225178,0.0008941535311752478,0.020268872802481904,0.025070769745020004
EC,1500,1500,0.20659557990650562,0.00737435838063794,0.0010853709214065134,0.01967171432745375,0.024332138506143963
EC,2000,2000,0.20463156347274777,0.007304253487519959,0.0010750527610309138,0.019484703694231137,0.024100823199610467
EC,full(3747),3747,0.2037838926283048,0.007273996167404159,0.0010720794351320663,0.019403989776231825,0.02400098735411977
